Year,State,County,HAI,Facility_ID,Facility_Name,Facility_Type,Infections_Reported,Patient_Days,Rate,Rate_CI_95_Lower_Limit,Rate_CI_95_Upper_Limit,Comparison,Months,Notes
2019,California,,Vancomycin-Resistant Enterococcus Bloodstream Infection (VRE BSI),,,STATE OF CALIFORNIA POOLED DATA - Acute Care Hospitals,390,15182557,0.26,0.23,0.28,,,
2019,California,,Vancomycin-Resistant Enterococcus Bloodstream Infection (VRE BSI),,,STATE OF CALIFORNIA POOLED DATA - Community Hospitals,143,7816329,0.18,0.15,0.22,,,
2019,California,,Vancomycin-Resistant Enterococcus Bloodstream Infection (VRE BSI),,,"STATE OF CALIFORNIA POOLED DATA - Community, <125 Beds",17,1298126,0.13,0.08,0.21,,,
2019,California,,Vancomycin-Resistant Enterococcus Bloodstream Infection (VRE BSI),,,"STATE OF CALIFORNIA POOLED DATA - Community, 125-250 Beds",53,2508163,0.21,0.16,0.28,,,
2019,California,,Vancomycin-Resistant Enterococcus Bloodstream Infection (VRE BSI),,,"STATE OF CALIFORNIA POOLED DATA - Community, >250 Beds",73,4010040,0.18,0.14,0.23,,,
2019,California,,Vancomycin-Resistant Enterococcus Bloodstream Infection (VRE BSI),,,STATE OF CALIFORNIA POOLED DATA - Major Teaching Acute Care Hospitals,246,6785075,0.36,0.32,0.41,,,
2019,California,,Vancomycin-Resistant Enterococcus Bloodstream Infection (VRE BSI),,,STATE OF CALIFORNIA POOLED DATA - Pediatric Acute Care Hospitals,1,581153,0.02,0.00,0.10,,,
2019,California,,Vancomycin-Resistant Enterococcus Bloodstream Infection (VRE BSI),,,STATE OF CALIFORNIA POOLED DATA - Long-Term Acute Care Hospitals,38,445728,0.85,0.60,1.17,,,
2019,California,,Vancomycin-Resistant Enterococcus Bloodstream Infection (VRE BSI),,,STATE OF CALIFORNIA POOLED DATA - Critical Access Hospitals,0,102543,0.00,0.00,0.29,,,
2019,California,,Vancomycin-Resistant Enterococcus Bloodstream Infection (VRE BSI),,,STATE OF CALIFORNIA POOLED DATA - Rehabilitation Units and Free-standing Hospitals,0,530050,0.00,0.00,0.06,,,
2019,California,Alameda,Vancomycin-Resistant Enterococcus Bloodstream Infection (VRE BSI),140000011,Alameda Hospital,"Community, <125 Beds",0,12933,0.00,0.00,2.32,Same,12,
2019,California,Alameda,Vancomycin-Resistant Enterococcus Bloodstream Infection (VRE BSI),140000425,Alta Bates Summit Medical Center,"Community, >250 Beds",1,54085,0.18,0.00,1.03,Same,12, 
2019,California,Alameda,Vancomycin-Resistant Enterococcus Bloodstream Infection (VRE BSI),140000012,"Alta Bates Summit Medical Center, Alta Bates Campus","Community, >250 Beds",0,69130,0.00,0.00,0.43,Same,12,
2019,California,Alameda,Vancomycin-Resistant Enterococcus Bloodstream Infection (VRE BSI),140000425,"Alta Bates Summit Medical Center, Rehabilitation Unit",Rehabilitation Unit,0,17190,0.00,0.00,1.74,Same,12, 
2019,California,Alameda,Vancomycin-Resistant Enterococcus Bloodstream Infection (VRE BSI),140000183,Eden Medical Center,"Community, 125-250 Beds",0,44830,0.00,0.00,0.67,Same,12,
2019,California,Alameda,Vancomycin-Resistant Enterococcus Bloodstream Infection (VRE BSI),140000184,Fairmont Hospital,Free-Standing Rehabilitation,0,7704,0.00,0.00,3.89,Same,11,"Incomplete Reporter, interpret with caution"
2019,California,Alameda,Vancomycin-Resistant Enterococcus Bloodstream Infection (VRE BSI),140000034,Highland Hospital,Major Teaching,1,56706,0.18,0.00,0.98,Same,12,
2019,California,Alameda,Vancomycin-Resistant Enterococcus Bloodstream Infection (VRE BSI),140001086,"Kaiser Foundation Hospital, Fremont","Community, <125 Beds",0,19561,0.00,0.00,1.53,Same,12,
2019,California,Alameda,Vancomycin-Resistant Enterococcus Bloodstream Infection (VRE BSI),140000188,"Kaiser Foundation Hospital, Oakland/Richmond",Major Teaching,1,86355,0.12,0.00,0.65,Same,12,
2019,California,Alameda,Vancomycin-Resistant Enterococcus Bloodstream Infection (VRE BSI),630015029,"Kaiser Foundation Hospital, San Leandro","Community, 125-250 Beds",0,57662,0.00,0.00,0.52,Same,12,
2019,California,Alameda,Vancomycin-Resistant Enterococcus Bloodstream Infection (VRE BSI),140000148,"Kindred Hospital, San Francisco Bay Area",Long-Term Acute Care,2,27418,0.73,0.09,2.64,Same,12,
2019,California,Alameda,Vancomycin-Resistant Enterococcus Bloodstream Infection (VRE BSI),630013913,San Leandro Hospital,"Community, <125 Beds",0,11113,0.00,0.00,2.70,Same,12,
2019,California,Alameda,Vancomycin-Resistant Enterococcus Bloodstream Infection (VRE BSI),140000041,St Rose Hospital,"Community, 125-250 Beds",0,20070,0.00,0.00,1.49,Same,12,
2019,California,Alameda,Vancomycin-Resistant Enterococcus Bloodstream Infection (VRE BSI),140000797,Stanford Health Care - ValleyCare,"Community, 125-250 Beds",0,33731,0.00,0.00,0.89,Same,12, 
2019,California,Alameda,Vancomycin-Resistant Enterococcus Bloodstream Infection (VRE BSI),140000014,UCSF Benioff Children's Hospital Oakland,Pediatric,0,43215,0.00,0.00,0.69,Same,12,
2019,California,Alameda,Vancomycin-Resistant Enterococcus Bloodstream Infection (VRE BSI),140000118,Washington Hospital,"Community, >250 Beds",1,62032,0.16,0.00,0.90,Same,12,
2019,California,Amador,Vancomycin-Resistant Enterococcus Bloodstream Infection (VRE BSI),030000108,Sutter Amador Hospital,"Community, <125 Beds",0,9793,0.00,0.00,3.06,Same,12,
2019,California,Butte,Vancomycin-Resistant Enterococcus Bloodstream Infection (VRE BSI),230000013,"Enloe Medical Center, Esplanade","Community, >250 Beds",0,87346,0.00,0.00,0.34,Same,12,
2019,California,Butte,Vancomycin-Resistant Enterococcus Bloodstream Infection (VRE BSI),230000405,Enloe Rehabilitation Center,Free-Standing Rehabilitation,0,6609,0.00,0.00,4.53,Same,12,
2019,California,Butte,Vancomycin-Resistant Enterococcus Bloodstream Infection (VRE BSI),230000001,Orchard Hospital,Critical Access,0,1226,0.00,0.00,24.44,Same,12,
2019,California,Butte,Vancomycin-Resistant Enterococcus Bloodstream Infection (VRE BSI),230000014,Oroville Hospital,"Community, 125-250 Beds",0,49560,0.00,0.00,0.60,Same,12,
2019,California,Calaveras,Vancomycin-Resistant Enterococcus Bloodstream Infection (VRE BSI),030000120,Mark Twain Medical Center,Critical Access,0,3031,0.00,0.00,9.88,Same,12,
2019,California,Colusa,Vancomycin-Resistant Enterococcus Bloodstream Infection (VRE BSI),230000259,Colusa Medical Center,"Community, <125 Beds",0,5416,0.00,0.00,5.53,Same,12,
2019,California,Contra Costa,Vancomycin-Resistant Enterococcus Bloodstream Infection (VRE BSI),140000195,Contra Costa Regional Medical Center,Major Teaching,0,41613,0.00,0.00,0.72,Same,12,
2019,California,Contra Costa,Vancomycin-Resistant Enterococcus Bloodstream Infection (VRE BSI),140000196,"John Muir Medical Center, Concord Campus",Major Teaching,1,55025,0.18,0.00,1.01,Same,12,
2019,California,Contra Costa,Vancomycin-Resistant Enterococcus Bloodstream Infection (VRE BSI),140000187,"John Muir Medical Center, Walnut Creek Campus",Major Teaching,4,96669,0.41,0.11,1.06,Same,12,
2019,California,Contra Costa,Vancomycin-Resistant Enterococcus Bloodstream Infection (VRE BSI),140000187,"John Muir Medical Center, Walnut Creek Campus, Rehabilitation Unit",Rehabilitation Unit,0,7322,0.00,0.00,4.09,Same,12,
2019,California,Contra Costa,Vancomycin-Resistant Enterococcus Bloodstream Infection (VRE BSI),630011203,"Kaiser Foundation Hospital, Antioch","Community, 125-250 Beds",0,31661,0.00,0.00,0.95,Same,12,
2019,California,Contra Costa,Vancomycin-Resistant Enterococcus Bloodstream Infection (VRE BSI),140000191,"Kaiser Foundation Hospital, Richmond Campus",Major Teaching,0,14749,0.00,0.00,2.03,Same,12,
2019,California,Contra Costa,Vancomycin-Resistant Enterococcus Bloodstream Infection (VRE BSI),140000190,"Kaiser Foundation Hospital, Walnut Creek","Community, 125-250 Beds",1,63494,0.16,0.00,0.88,Same,12,
2019,California,Contra Costa,Vancomycin-Resistant Enterococcus Bloodstream Infection (VRE BSI),140000704,San Ramon Regional Medical Center,"Community, <125 Beds",0,18492,0.00,0.00,1.62,Same,12, 
2019,California,Contra Costa,Vancomycin-Resistant Enterococcus Bloodstream Infection (VRE BSI),140000016,Sutter Delta Medical Center,"Community, 125-250 Beds",0,33086,0.00,0.00,0.91,Same,12,
2019,California,Del Norte,Vancomycin-Resistant Enterococcus Bloodstream Infection (VRE BSI),110000049,Sutter Coast Hospital,"Community, <125 Beds",0,7755,0.00,0.00,3.86,Same,12,
2019,California,El Dorado,Vancomycin-Resistant Enterococcus Bloodstream Infection (VRE BSI),030000114,Barton Memorial Hospital,"Community, <125 Beds",0,5917,0.00,0.00,5.06,Same,10,"Incomplete Reporter, interpret with caution"
2019,California,El Dorado,Vancomycin-Resistant Enterococcus Bloodstream Infection (VRE BSI),030000121,Marshall Medical Center,"Community, <125 Beds",0,20882,0.00,0.00,1.43,Same,12,
2019,California,Fresno,Vancomycin-Resistant Enterococcus Bloodstream Infection (VRE BSI),040000124,Adventist Health Reedley,"Community, <125 Beds",0,6475,0.00,0.00,4.63,Same,12,
2019,California,Fresno,Vancomycin-Resistant Enterococcus Bloodstream Infection (VRE BSI),040000122,Adventist Health Selma,"Community, <125 Beds",0,4654,0.00,0.00,6.44,Same,12,
2019,California,Fresno,Vancomycin-Resistant Enterococcus Bloodstream Infection (VRE BSI),040000095,Clovis Community Medical Center,Major Teaching,0,74264,0.00,0.00,0.40,Better,12,
2019,California,Fresno,Vancomycin-Resistant Enterococcus Bloodstream Infection (VRE BSI),040000101,Community Regional Medical Center,Major Teaching,5,189996,0.26,0.09,0.61,Same,12,
2019,California,Fresno,Vancomycin-Resistant Enterococcus Bloodstream Infection (VRE BSI),040000101,"Community Regional Medical Center, Rehabilitation Unit",Rehabilitation Unit,0,9307,0.00,0.00,3.22,Same,12,
2019,California,Fresno,Vancomycin-Resistant Enterococcus Bloodstream Infection (VRE BSI),040001397,Fresno Heart and Surgical Hospital,Major Teaching,0,10961,0.00,0.00,2.73,Same,12,
2019,California,Fresno,Vancomycin-Resistant Enterococcus Bloodstream Infection (VRE BSI),040000254,Fresno Surgical Hospital,"Community, <125 Beds",0,3537,0.00,0.00,8.47,Same,12,
2019,California,Fresno,Vancomycin-Resistant Enterococcus Bloodstream Infection (VRE BSI),040000949,"Kaiser Foundation Hospital, Fresno","Community, 125-250 Beds",0,37785,0.00,0.00,0.79,Same,12,
2019,California,Fresno,Vancomycin-Resistant Enterococcus Bloodstream Infection (VRE BSI),040000126,Saint Agnes Medical Center,"Community, >250 Beds",2,109306,0.18,0.02,0.66,Same,12,
2019,California,Fresno,Vancomycin-Resistant Enterococcus Bloodstream Infection (VRE BSI),040000613,San Joaquin Valley Rehabilitation Hospital,Free-Standing Rehabilitation,0,17913,0.00,0.00,1.67,Same,12,
2019,California,Glenn,Vancomycin-Resistant Enterococcus Bloodstream Infection (VRE BSI),230000006,Glenn Medical Center,Critical Access,0,7124,0.00,0.00,4.21,Same,12,
2019,California,Humboldt,Vancomycin-Resistant Enterococcus Bloodstream Infection (VRE BSI),110000057,Jerold Phelps Community Hospital,Critical Access,0,1459,0.00,0.00,20.53,Same,12,
2019,California,Humboldt,Vancomycin-Resistant Enterococcus Bloodstream Infection (VRE BSI),110000021,Mad River Community Hospital,"Community, <125 Beds",0,9704,0.00,0.00,3.09,Same,12,
2019,California,Humboldt,Vancomycin-Resistant Enterococcus Bloodstream Infection (VRE BSI),110000045,Redwood Memorial Hospital,Critical Access,0,4985,0.00,0.00,6.01,Same,12,
2019,California,Humboldt,Vancomycin-Resistant Enterococcus Bloodstream Infection (VRE BSI),110000067,"St. Joseph Hospital, Eureka",Major Teaching,0,35252,0.00,0.00,0.85,Same,12,
2019,California,Humboldt,Vancomycin-Resistant Enterococcus Bloodstream Infection (VRE BSI),110000069,The General Hospital,Free-Standing Rehabilitation,0,2812,0.00,0.00,10.65,Same,12,
2019,California,Imperial,Vancomycin-Resistant Enterococcus Bloodstream Infection (VRE BSI),090000040,El Centro Regional Medical Center,"Community, <125 Beds",0,25691,0.00,0.00,1.17,Same,12,
2019,California,Imperial,Vancomycin-Resistant Enterococcus Bloodstream Infection (VRE BSI),090000146,Pioneers Memorial Healthcare District,"Community, <125 Beds",0,19984,0.00,0.00,1.50,Same,12,
2019,California,Inyo,Vancomycin-Resistant Enterococcus Bloodstream Infection (VRE BSI),240000037,Northern Inyo Hospital,Critical Access,0,3883,0.00,0.00,7.71,Same,12,
2019,California,Inyo,Vancomycin-Resistant Enterococcus Bloodstream Infection (VRE BSI),240000102,Southern Inyo Hospital,Critical Access,,,,,,,,"Incomplete Reporter, interpret with caution"
2019,California,Kern,Vancomycin-Resistant Enterococcus Bloodstream Infection (VRE BSI),120000411,Adventist Health Bakersfield,Major Teaching,2,71242,0.28,0.03,1.01,Same,12,
2019,California,Kern,Vancomycin-Resistant Enterococcus Bloodstream Infection (VRE BSI),120000413,Adventist Health Tehachapi Valley,Critical Access,0,3884,0.00,0.00,7.71,Same,12,
2019,California,Kern,Vancomycin-Resistant Enterococcus Bloodstream Infection (VRE BSI),120001330,Bakersfield Heart Hospital,"Community, <125 Beds",0,12264,0.00,0.00,2.44,Same,12,
2019,California,Kern,Vancomycin-Resistant Enterococcus Bloodstream Infection (VRE BSI),120000338,Bakersfield Memorial Hospital,"Community, >250 Beds",3,73556,0.41,0.08,1.19,Same,12,
2019,California,Kern,Vancomycin-Resistant Enterococcus Bloodstream Infection (VRE BSI),120000336,Delano Regional Medical Center,"Community, <125 Beds",0,9148,0.00,0.00,3.27,Same,12,
2019,California,Kern,Vancomycin-Resistant Enterococcus Bloodstream Infection (VRE BSI),120000555,Encompass Health Rehabilitation Hospital of Bakersfield,Free-Standing Rehabilitation,0,23264,0.00,0.00,1.29,Same,12,
2019,California,Kern,Vancomycin-Resistant Enterococcus Bloodstream Infection (VRE BSI),120000319,"Good Samaritan Hospital, Bakersfield","Community, <125 Beds",0,5274,0.00,0.00,5.68,Same,12,
2019,California,Kern,Vancomycin-Resistant Enterococcus Bloodstream Infection (VRE BSI),120000342,Kern Medical Center,Major Teaching,0,45076,0.00,0.00,0.66,Same,12,
2019,California,Kern,Vancomycin-Resistant Enterococcus Bloodstream Infection (VRE BSI),120000344,Kern Valley Healthcare District,Critical Access,0,2570,0.00,0.00,11.66,Same,12,
2019,California,Kern,Vancomycin-Resistant Enterococcus Bloodstream Infection (VRE BSI),120000404,Mercy Hospital,"Community, <125 Beds",0,19392,0.00,0.00,1.54,Same,12,
2019,California,Kern,Vancomycin-Resistant Enterococcus Bloodstream Infection (VRE BSI),120000701,Mercy Southwest Hospital,"Community, <125 Beds",1,26975,0.37,0.01,2.07,Same,12,
2019,California,Kern,Vancomycin-Resistant Enterococcus Bloodstream Infection (VRE BSI),120000409,Ridgecrest Regional Hospital,Critical Access,0,7333,0.00,0.00,4.09,Same,12,
2019,California,Kings,Vancomycin-Resistant Enterococcus Bloodstream Infection (VRE BSI),630012960,Adventist Health Hanford,"Community, 125-250 Beds",0,44145,0.00,0.00,0.68,Same,12,
2019,California,Lake,Vancomycin-Resistant Enterococcus Bloodstream Infection (VRE BSI),110000044,Adventist Health Clearlake,Critical Access,0,6041,0.00,0.00,4.96,Same,12,
2019,California,Lake,Vancomycin-Resistant Enterococcus Bloodstream Infection (VRE BSI),110000019,Sutter Lakeside Hospital,Critical Access,0,7509,0.00,0.00,3.99,Same,12,
2019,California,Lassen,Vancomycin-Resistant Enterococcus Bloodstream Infection (VRE BSI),230000008,Banner Lassen Medical Center,Critical Access,0,4211,0.00,0.00,7.11,Same,12,
2019,California,Los Angeles,Vancomycin-Resistant Enterococcus Bloodstream Infection (VRE BSI),930000059,Adventist Health Glendale,"Community, >250 Beds",3,84496,0.36,0.07,1.04,Same,12,
2019,California,Los Angeles,Vancomycin-Resistant Enterococcus Bloodstream Infection (VRE BSI),930000059,"Adventist Health Glendale, Rehabilitation Unit",Rehabilitation Unit,0,6669,0.00,0.00,4.49,Same,12,
2019,California,Los Angeles,Vancomycin-Resistant Enterococcus Bloodstream Infection (VRE BSI),930000191,Adventist Health White Memorial,Major Teaching,4,79401,0.50,0.14,1.29,Same,12,
2019,California,Los Angeles,Vancomycin-Resistant Enterococcus Bloodstream Infection (VRE BSI),930000191,"Adventist Health White Memorial, Rehabilitation Unit",Rehabilitation Unit,0,2858,0.00,0.00,10.48,Same,12,
2019,California,Los Angeles,Vancomycin-Resistant Enterococcus Bloodstream Infection (VRE BSI),930000005,Alhambra Hospital Medical Center,"Community, 125-250 Beds",3,19358,1.55,0.32,4.53,Worse,12,
2019,California,Los Angeles,Vancomycin-Resistant Enterococcus Bloodstream Infection (VRE BSI),930000005,"Alhambra Hospital Medical Center, Rehabilitation Unit",Rehabilitation Unit,0,3373,0.00,0.00,8.88,Same,12,
2019,California,Los Angeles,Vancomycin-Resistant Enterococcus Bloodstream Infection (VRE BSI),930000008,Antelope Valley Hospital,Major Teaching,1,86436,0.12,0.00,0.64,Same,12,
2019,California,Los Angeles,Vancomycin-Resistant Enterococcus Bloodstream Infection (VRE BSI),930000014,Barlow Respiratory Hospital,Long-Term Acute Care,2,27784,0.72,0.09,2.60,Same,12,
2019,California,Los Angeles,Vancomycin-Resistant Enterococcus Bloodstream Infection (VRE BSI),930000012,Beverly Hospital,"Community, 125-250 Beds",0,38886,0.00,0.00,0.77,Same,12,
2019,California,Los Angeles,Vancomycin-Resistant Enterococcus Bloodstream Infection (VRE BSI),930000002,"California Hospital Medical Center, Los Angeles",Major Teaching,0,76277,0.00,0.00,0.39,Better,12,
2019,California,Los Angeles,Vancomycin-Resistant Enterococcus Bloodstream Infection (VRE BSI),930000031,California Rehabilitation Institute,Free-Standing Rehabilitation,0,44228,0.00,0.00,0.68,Same,12,
2019,California,Los Angeles,Vancomycin-Resistant Enterococcus Bloodstream Infection (VRE BSI),930000020,Casa Colina Hospital,"Community, <125 Beds",1,4637,2.16,0.05,12.02,Same,12,
2019,California,Los Angeles,Vancomycin-Resistant Enterococcus Bloodstream Infection (VRE BSI),930000020,Casa Colina Hospital,Free-Standing Rehabilitation,0,26662,0.00,0.00,1.12,Same,12,
2019,California,Los Angeles,Vancomycin-Resistant Enterococcus Bloodstream Infection (VRE BSI),930000013,Catalina Island Medical Center,Critical Access,0,330,0.00,0.00,90.78,Same,12,
2019,California,Los Angeles,Vancomycin-Resistant Enterococcus Bloodstream Infection (VRE BSI),930000044,Cedars-Sinai Marina Del Rey Hospital,"Community, 125-250 Beds",0,17446,0.00,0.00,1.72,Same,12,
2019,California,Los Angeles,Vancomycin-Resistant Enterococcus Bloodstream Infection (VRE BSI),930000004,Cedars-Sinai Medical Center,Major Teaching,18,285844,0.63,0.37,1.00,Worse,12,
2019,California,Los Angeles,Vancomycin-Resistant Enterococcus Bloodstream Infection (VRE BSI),930000022,Centinela Hospital Medical Center,"Community, >250 Beds",1,62764,0.16,0.00,0.89,Same,12,
2019,California,Los Angeles,Vancomycin-Resistant Enterococcus Bloodstream Infection (VRE BSI),930000022,"Centinela Hospital Medical Center, Rehabilitation Unit",Rehabilitation Unit,0,3419,0.00,0.00,8.76,Same,12,
2019,California,Los Angeles,Vancomycin-Resistant Enterococcus Bloodstream Infection (VRE BSI),930000034,Children's Hospital Los Angeles,Pediatric,1,122091,0.08,0.00,0.46,Same,12,
2019,California,Los Angeles,Vancomycin-Resistant Enterococcus Bloodstream Infection (VRE BSI),930000036,City of Hope Helford Clinical Research Hospital,"Community, 125-250 Beds",19,74365,2.55,1.54,3.99,Worse,12,
2019,California,Los Angeles,Vancomycin-Resistant Enterococcus Bloodstream Infection (VRE BSI),930000038,Coast Plaza Hospital,"Community, <125 Beds",0,10305,0.00,0.00,2.91,Same,12,
2019,California,Los Angeles,Vancomycin-Resistant Enterococcus Bloodstream Infection (VRE BSI),930000114,College Medical Center,"Community, 125-250 Beds",0,30568,0.00,0.00,0.98,Same,12,
2019,California,Los Angeles,Vancomycin-Resistant Enterococcus Bloodstream Infection (VRE BSI),930000040,Community Hospital of Huntington Park,"Community, <125 Beds",0,14582,0.00,0.00,2.05,Same,12,
2019,California,Los Angeles,Vancomycin-Resistant Enterococcus Bloodstream Infection (VRE BSI),930000158,DOCS Surgical Hospital,"Community, <125 Beds",,,,,,,,"Incomplete Reporter, interpret with caution"
2019,California,Los Angeles,Vancomycin-Resistant Enterococcus Bloodstream Infection (VRE BSI),930000053,East Los Angeles Doctors Hospital,"Community, 125-250 Beds",0,16179,0.00,0.00,1.85,Same,12,
2019,California,Los Angeles,Vancomycin-Resistant Enterococcus Bloodstream Infection (VRE BSI),930000056,Emanate Health Foothill Presbyterian Hospital,"Community, <125 Beds",1,22941,0.44,0.01,2.43,Same,12,
2019,California,Los Angeles,Vancomycin-Resistant Enterococcus Bloodstream Infection (VRE BSI),930000070,Emanate Health Inter-Community Hospital,"Community, 125-250 Beds",0,34538,0.00,0.00,0.87,Same,12,
2019,California,Los Angeles,Vancomycin-Resistant Enterococcus Bloodstream Infection (VRE BSI),930000132,Emanate Health Queen of the Valley Hospital,"Community, >250 Beds",0,62937,0.00,0.00,0.48,Same,12,
2019,California,Los Angeles,Vancomycin-Resistant Enterococcus Bloodstream Infection (VRE BSI),930000132,"Emanate Health Queen of the Valley Hospital, Rehabilitation Unit",Rehabilitation Unit,0,3555,0.00,0.00,8.43,Same,12,
2019,California,Los Angeles,Vancomycin-Resistant Enterococcus Bloodstream Infection (VRE BSI),930000054,Encino Hospital Medical Center,"Community, 125-250 Beds",0,6300,0.00,0.00,4.76,Same,12,
2019,California,Los Angeles,Vancomycin-Resistant Enterococcus Bloodstream Infection (VRE BSI),930000058,Garfield Medical Center,"Community, 125-250 Beds",3,52571,0.57,0.12,1.67,Same,12,
2019,California,Los Angeles,Vancomycin-Resistant Enterococcus Bloodstream Infection (VRE BSI),930000058,"Garfield Medical Center, Rehabilitation Unit",Rehabilitation Unit,0,5598,0.00,0.00,5.35,Same,12,
2019,California,Los Angeles,Vancomycin-Resistant Enterococcus Bloodstream Infection (VRE BSI),930000093,Glendale Memorial Hospital and Health Center,"Community, >250 Beds",0,38266,0.00,0.00,0.78,Same,12,
2019,California,Los Angeles,Vancomycin-Resistant Enterococcus Bloodstream Infection (VRE BSI),930000060,Glendora Community Hospital,"Community, <125 Beds",0,4988,0.00,0.00,6.01,Same,12,
2019,California,Los Angeles,Vancomycin-Resistant Enterococcus Bloodstream Infection (VRE BSI),930000068,"Good Samaritan Hospital, Los Angeles","Community, >250 Beds",3,75128,0.40,0.08,1.17,Same,12,
2019,California,Los Angeles,Vancomycin-Resistant Enterococcus Bloodstream Infection (VRE BSI),930000062,Greater El Monte Community Hospital,"Community, <125 Beds",0,13799,0.00,0.00,2.17,Same,11,"Incomplete Reporter, interpret with caution"
2019,California,Los Angeles,Vancomycin-Resistant Enterococcus Bloodstream Infection (VRE BSI),930000063,Henry Mayo Newhall Hospital,"Community, >250 Beds",3,49012,0.61,0.13,1.79,Same,12,
2019,California,Los Angeles,Vancomycin-Resistant Enterococcus Bloodstream Infection (VRE BSI),930000063,"Henry Mayo Newhall Hospital, Rehabilitation Unit",Rehabilitation Unit,0,6054,0.00,0.00,4.95,Same,12,
2019,California,Los Angeles,Vancomycin-Resistant Enterococcus Bloodstream Infection (VRE BSI),930000065,Hollywood Presbyterian Medical Center,"Community, >250 Beds",1,58887,0.17,0.00,0.95,Same,12,
2019,California,Los Angeles,Vancomycin-Resistant Enterococcus Bloodstream Infection (VRE BSI),930000065,"Hollywood Presbyterian Medical Center, Rehabilitation Unit",Rehabilitation Unit,0,4288,0.00,0.00,6.99,Same,12,
2019,California,Los Angeles,Vancomycin-Resistant Enterococcus Bloodstream Infection (VRE BSI),930000026,Huntington Memorial Hospital,"Community, >250 Beds",3,110889,0.27,0.06,0.79,Same,12,
2019,California,Los Angeles,Vancomycin-Resistant Enterococcus Bloodstream Infection (VRE BSI),930000026,"Huntington Memorial Hospital, Rehabilitation Unit",Rehabilitation Unit,0,4273,0.00,0.00,7.01,Same,12,
2019,California,Los Angeles,Vancomycin-Resistant Enterococcus Bloodstream Infection (VRE BSI),930001543,"Kaiser Foundation Hospital, Baldwin Park",Major Teaching,1,49270,0.20,0.01,1.13,Same,12,
2019,California,Los Angeles,Vancomycin-Resistant Enterococcus Bloodstream Infection (VRE BSI),930000074,"Kaiser Foundation Hospital, Downey",Major Teaching,1,85761,0.12,0.00,0.65,Same,12,
2019,California,Los Angeles,Vancomycin-Resistant Enterococcus Bloodstream Infection (VRE BSI),930000072,"Kaiser Foundation Hospital, Los Angeles",Major Teaching,2,124036,0.16,0.02,0.58,Same,12,
2019,California,Los Angeles,Vancomycin-Resistant Enterococcus Bloodstream Infection (VRE BSI),930000050,"Kaiser Foundation Hospital, Panorama City",Major Teaching,5,43222,1.16,0.38,2.70,Worse,12,
2019,California,Los Angeles,Vancomycin-Resistant Enterococcus Bloodstream Infection (VRE BSI),930000071,"Kaiser Foundation Hospital, South Bay",Major Teaching,0,51878,0.00,0.00,0.58,Same,12,
2019,California,Los Angeles,Vancomycin-Resistant Enterococcus Bloodstream Infection (VRE BSI),930000076,"Kaiser Foundation Hospital, West LA",Major Teaching,2,44208,0.45,0.05,1.63,Same,12,
2019,California,Los Angeles,Vancomycin-Resistant Enterococcus Bloodstream Infection (VRE BSI),930000290,"Kaiser Foundation Hospital, Woodland Hills",Major Teaching,0,38283,0.00,0.00,0.78,Same,12,
2019,California,Los Angeles,Vancomycin-Resistant Enterococcus Bloodstream Infection (VRE BSI),930000912,Keck Hospital of USC,Major Teaching,14,85755,1.63,0.89,2.74,Worse,12,
2019,California,Los Angeles,Vancomycin-Resistant Enterococcus Bloodstream Infection (VRE BSI),930000912,"Keck Hospital of USC, Rehabilitation Unit",Rehabilitation Unit,0,4717,0.00,0.00,6.35,Same,12,
2019,California,Los Angeles,Vancomycin-Resistant Enterococcus Bloodstream Infection (VRE BSI),930000033,Kindred Hospital Paramount,Long-Term Acute Care,7,31680,2.21,0.89,4.55,Worse,12,
2019,California,Los Angeles,Vancomycin-Resistant Enterococcus Bloodstream Infection (VRE BSI),930000144,"Kindred Hospital, Baldwin Park",Long-Term Acute Care,2,24640,0.81,0.10,2.93,Same,12,
2019,California,Los Angeles,Vancomycin-Resistant Enterococcus Bloodstream Infection (VRE BSI),930000089,"Kindred Hospital, La Mirada",Long-Term Acute Care,3,16790,1.79,0.37,5.22,Same,12,
2019,California,Los Angeles,Vancomycin-Resistant Enterococcus Bloodstream Infection (VRE BSI),930000088,"Kindred Hospital, Los Angeles",Long-Term Acute Care,2,30890,0.65,0.08,2.34,Same,12,
2019,California,Los Angeles,Vancomycin-Resistant Enterococcus Bloodstream Infection (VRE BSI),930000042,"Kindred Hospital, San Gabriel Valley",Long-Term Acute Care,3,18170,1.65,0.34,4.83,Same,12,
2019,California,Los Angeles,Vancomycin-Resistant Enterococcus Bloodstream Infection (VRE BSI),930000039,"Kindred Hospital, South Bay",Long-Term Acute Care,5,17570,2.85,0.92,6.64,Worse,12,
2019,California,Los Angeles,Vancomycin-Resistant Enterococcus Bloodstream Infection (VRE BSI),930000035,L.A. Downtown Medical Center,"Community, <125 Beds",0,12897,0.00,0.00,2.32,Same,12,
2019,California,Los Angeles,Vancomycin-Resistant Enterococcus Bloodstream Infection (VRE BSI),060000040,LAC+USC Medical Center,Major Teaching,1,174952,0.06,0.00,0.32,Better,12,
2019,California,Los Angeles,Vancomycin-Resistant Enterococcus Bloodstream Infection (VRE BSI),060000027,LAC/Harbor UCLA Medical Center,Major Teaching,1,91269,0.11,0.00,0.61,Same,12,
2019,California,Los Angeles,Vancomycin-Resistant Enterococcus Bloodstream Infection (VRE BSI),060000038,LAC/Olive View UCLA Medical Center,Major Teaching,1,49938,0.20,0.01,1.12,Same,12,
2019,California,Los Angeles,Vancomycin-Resistant Enterococcus Bloodstream Infection (VRE BSI),060000028,LAC/Rancho Los Amigos National Rehabilitation Center,"Community, 125-250 Beds",0,18717,0.00,0.00,1.60,Same,12,
2019,California,Los Angeles,Vancomycin-Resistant Enterococcus Bloodstream Infection (VRE BSI),060000028,"LAC/Rancho Los Amigos National Rehabilitation Center, Rehabilitation Unit",Rehabilitation Unit,0,24671,0.00,0.00,1.21,Same,12,
2019,California,Los Angeles,Vancomycin-Resistant Enterococcus Bloodstream Infection (VRE BSI),930000047,Lakewood Regional Medical Center,"Community, 125-250 Beds",2,41409,0.48,0.06,1.74,Same,12,
2019,California,Los Angeles,Vancomycin-Resistant Enterococcus Bloodstream Infection (VRE BSI),930000085,Los Angeles Community Hospital,"Community, <125 Beds",0,26559,0.00,0.00,1.13,Same,12,
2019,California,Los Angeles,Vancomycin-Resistant Enterococcus Bloodstream Infection (VRE BSI),060000035,Martin Luther King Jr. Community Hospital,"Community, 125-250 Beds",0,39428,0.00,0.00,0.76,Same,12,
2019,California,Los Angeles,Vancomycin-Resistant Enterococcus Bloodstream Infection (VRE BSI),930000092,Memorial Hospital of Gardena,"Community, <125 Beds",0,26165,0.00,0.00,1.14,Same,12,
2019,California,Los Angeles,Vancomycin-Resistant Enterococcus Bloodstream Infection (VRE BSI),930000095,MemorialCare Long Beach Medical Center,Major Teaching,5,97246,0.51,0.17,1.20,Same,12,
2019,California,Los Angeles,Vancomycin-Resistant Enterococcus Bloodstream Infection (VRE BSI),930000095,"MemorialCare Long Beach Medical Center, Rehabilitation Unit",Rehabilitation Unit,0,6973,0.00,0.00,4.30,Same,12,
2019,California,Los Angeles,Vancomycin-Resistant Enterococcus Bloodstream Infection (VRE BSI),930001709,MemorialCare Miller Children's & Women's Hospital Long Beach,Pediatric,0,67610,0.00,0.00,0.44,Same,12,
2019,California,Los Angeles,Vancomycin-Resistant Enterococcus Bloodstream Infection (VRE BSI),930000096,Methodist Hospital of Southern California,"Community, >250 Beds",2,72707,0.28,0.03,0.99,Same,12,
2019,California,Los Angeles,Vancomycin-Resistant Enterococcus Bloodstream Infection (VRE BSI),930000096,"Methodist Hospital of Southern California, Rehabilitation Unit",Rehabilitation Unit,0,7943,0.00,0.00,3.77,Same,12,
2019,California,Los Angeles,Vancomycin-Resistant Enterococcus Bloodstream Infection (VRE BSI),930000027,Mission Community Hospital,"Community, 125-250 Beds",0,44027,0.00,0.00,0.68,Same,12,
2019,California,Los Angeles,Vancomycin-Resistant Enterococcus Bloodstream Infection (VRE BSI),930000107,Monrovia Memorial Hospital,Long-Term Acute Care,0,8549,0.00,0.00,3.50,Same,12,
2019,California,Los Angeles,Vancomycin-Resistant Enterococcus Bloodstream Infection (VRE BSI),930000108,Monterey Park Hospital,"Community, <125 Beds",0,21384,0.00,0.00,1.40,Same,12,
2019,California,Los Angeles,Vancomycin-Resistant Enterococcus Bloodstream Infection (VRE BSI),930000111,Northridge Hospital Medical Center,Major Teaching,0,52886,0.00,0.00,0.57,Same,12,
2019,California,Los Angeles,Vancomycin-Resistant Enterococcus Bloodstream Infection (VRE BSI),930000111,"Northridge Hospital Medical Center, Rehabilitation Unit",Rehabilitation Unit,0,6291,0.00,0.00,4.76,Same,12,
2019,California,Los Angeles,Vancomycin-Resistant Enterococcus Bloodstream Infection (VRE BSI),930000112,Norwalk Community Hospital,"Community, <125 Beds",0,14189,0.00,0.00,2.11,Same,12,
2019,California,Los Angeles,Vancomycin-Resistant Enterococcus Bloodstream Infection (VRE BSI),930000105,Olympia Medical Center,"Community, 125-250 Beds",1,18520,0.54,0.01,3.01,Same,9,"Incomplete Reporter, interpret with caution"
2019,California,Los Angeles,Vancomycin-Resistant Enterococcus Bloodstream Infection (VRE BSI),930000052,"PIH Health Hospital, Downey",Major Teaching,1,33645,0.30,0.01,1.66,Same,12,
2019,California,Los Angeles,Vancomycin-Resistant Enterococcus Bloodstream Infection (VRE BSI),930000099,"PIH Health Hospital, Whittier","Community, >250 Beds",2,82926,0.24,0.03,0.87,Same,12,
2019,California,Los Angeles,Vancomycin-Resistant Enterococcus Bloodstream Infection (VRE BSI),930000099,"PIH Health Hospital, Whittier, Rehabilitation Unit",Rehabilitation Unit,0,2777,0.00,0.00,10.79,Same,12,
2019,California,Los Angeles,Vancomycin-Resistant Enterococcus Bloodstream Infection (VRE BSI),930000133,Pacifica Hospital of the Valley,"Community, <125 Beds",0,7397,0.00,0.00,4.05,Same,12,
2019,California,Los Angeles,Vancomycin-Resistant Enterococcus Bloodstream Infection (VRE BSI),930000077,Palmdale Regional Medical Center,Major Teaching,0,34001,0.00,0.00,0.88,Same,12,
2019,California,Los Angeles,Vancomycin-Resistant Enterococcus Bloodstream Infection (VRE BSI),930000077,"Palmdale Regional Medical Center, Rehabilitation Unit",Rehabilitation Unit,0,5516,0.00,0.00,5.43,Same,12,
2019,California,Los Angeles,Vancomycin-Resistant Enterococcus Bloodstream Infection (VRE BSI),930000123,Pomona Valley Hospital Medical Center,Major Teaching,1,100063,0.10,0.00,0.56,Same,12,
2019,California,Los Angeles,Vancomycin-Resistant Enterococcus Bloodstream Infection (VRE BSI),930000091,Providence Cedars-Sinai Tarzana Medical Center,"Community, 125-250 Beds",0,58973,0.00,0.00,0.51,Same,12,
2019,California,Los Angeles,Vancomycin-Resistant Enterococcus Bloodstream Infection (VRE BSI),930000066,Providence Holy Cross Medical Center,"Community, >250 Beds",2,83980,0.24,0.03,0.86,Same,12,
2019,California,Los Angeles,Vancomycin-Resistant Enterococcus Bloodstream Infection (VRE BSI),930000066,"Providence Holy Cross Medical Center, Rehabilitation Unit",Rehabilitation Unit,0,3288,0.00,0.00,9.11,Same,12,
2019,California,Los Angeles,Vancomycin-Resistant Enterococcus Bloodstream Infection (VRE BSI),930000157,Providence Little Company of Mary Medical Center San Pedro,"Community, >250 Beds",0,19369,0.00,0.00,1.55,Same,12,
2019,California,Los Angeles,Vancomycin-Resistant Enterococcus Bloodstream Infection (VRE BSI),930000157,"Providence Little Company of Mary Medical Center San Pedro, Rehabilitation Unit",Rehabilitation Unit,0,4746,0.00,0.00,6.31,Same,12,
2019,California,Los Angeles,Vancomycin-Resistant Enterococcus Bloodstream Infection (VRE BSI),930000081,Providence Little Company of Mary Medical Center Torrance,"Community, >250 Beds",0,73300,0.00,0.00,0.41,Same,12,
2019,California,Los Angeles,Vancomycin-Resistant Enterococcus Bloodstream Infection (VRE BSI),930000100,Providence Saint John's Health Center,"Community, >250 Beds",1,62197,0.16,0.00,0.90,Same,12,
2019,California,Los Angeles,Vancomycin-Resistant Enterococcus Bloodstream Infection (VRE BSI),930000101,Providence Saint Joseph Medical Center,"Community, >250 Beds",0,79268,0.00,0.00,0.38,Same,12,
2019,California,Los Angeles,Vancomycin-Resistant Enterococcus Bloodstream Infection (VRE BSI),930000101,"Providence Saint Joseph Medical Center, Rehabilitation Unit",Rehabilitation Unit,0,2630,0.00,0.00,11.39,Same,12,
2019,California,Los Angeles,Vancomycin-Resistant Enterococcus Bloodstream Infection (VRE BSI),930000162,Ronald Reagan UCLA Medical Center,Major Teaching,42,149838,2.80,2.02,3.79,Worse,12,
2019,California,Los Angeles,Vancomycin-Resistant Enterococcus Bloodstream Infection (VRE BSI),930000128,Saint Francis Medical Center,"Community, >250 Beds",3,107278,0.28,0.06,0.82,Same,12,
2019,California,Los Angeles,Vancomycin-Resistant Enterococcus Bloodstream Infection (VRE BSI),930000104,Saint Vincent Medical Center,"Community, 125-250 Beds",1,35119,0.28,0.01,1.59,Same,10, 
2019,California,Los Angeles,Vancomycin-Resistant Enterococcus Bloodstream Infection (VRE BSI),930000104,"Saint Vincent Medical Center, Rehabilitation Unit",Rehabilitation Unit,0,2971,0.00,0.00,10.08,Same,10, 
2019,California,Los Angeles,Vancomycin-Resistant Enterococcus Bloodstream Infection (VRE BSI),930000125,San Dimas Community Hospital,"Community, <125 Beds",0,13825,0.00,0.00,2.17,Same,12,
2019,California,Los Angeles,Vancomycin-Resistant Enterococcus Bloodstream Infection (VRE BSI),930000041,San Gabriel Valley Medical Center,"Community, 125-250 Beds",2,43263,0.46,0.06,1.67,Same,12,
2019,California,Los Angeles,Vancomycin-Resistant Enterococcus Bloodstream Infection (VRE BSI),930000049,Santa Monica - UCLA Medical Center and Orthopaedic Hospital,Major Teaching,8,83751,0.96,0.41,1.88,Worse,12,
2019,California,Los Angeles,Vancomycin-Resistant Enterococcus Bloodstream Infection (VRE BSI),930000140,Sherman Oaks Hospital,"Community, 125-250 Beds",1,19197,0.52,0.01,2.90,Same,12,
2019,California,Los Angeles,Vancomycin-Resistant Enterococcus Bloodstream Infection (VRE BSI),930000015,Southern California Hospital at Culver City,"Community, >250 Beds",0,38036,0.00,0.00,0.79,Same,12,
2019,California,Los Angeles,Vancomycin-Resistant Enterococcus Bloodstream Infection (VRE BSI),930000015,"Southern California Hospital at Culver City, Rehabilitation Unit",Rehabilitation Unit,0,5341,0.00,0.00,5.61,Same,12,
2019,California,Los Angeles,Vancomycin-Resistant Enterococcus Bloodstream Infection (VRE BSI),930000064,Southern California Hospital at Hollywood,"Community, <125 Beds",2,22162,0.90,0.11,3.26,Same,12,
2019,California,Los Angeles,Vancomycin-Resistant Enterococcus Bloodstream Infection (VRE BSI),930000103,"St. Mary Medical Center, Long Beach","Community, >250 Beds",3,58274,0.51,0.11,1.50,Same,12,
2019,California,Los Angeles,Vancomycin-Resistant Enterococcus Bloodstream Infection (VRE BSI),930000103,"St. Mary Medical Center, Long Beach, Rehabilitation Unit",Rehabilitation Unit,0,5391,0.00,0.00,5.56,Same,12,
2019,California,Los Angeles,Vancomycin-Resistant Enterococcus Bloodstream Infection (VRE BSI),930000127,Torrance Memorial Medical Center,"Community, >250 Beds",1,98802,0.10,0.00,0.56,Same,12,
2019,California,Los Angeles,Vancomycin-Resistant Enterococcus Bloodstream Infection (VRE BSI),930000163,USC Kenneth Norris Jr. Cancer Hospital,Major Teaching,4,14864,2.69,0.73,6.89,Worse,12,
2019,California,Los Angeles,Vancomycin-Resistant Enterococcus Bloodstream Infection (VRE BSI),930000187,USC Verdugo Hills Hospital,Major Teaching,0,19757,0.00,0.00,1.52,Same,12,
2019,California,Los Angeles,Vancomycin-Resistant Enterococcus Bloodstream Infection (VRE BSI),930000129,Valley Presbyterian Hospital,"Community, >250 Beds",4,66553,0.60,0.16,1.54,Same,12,
2019,California,Los Angeles,Vancomycin-Resistant Enterococcus Bloodstream Infection (VRE BSI),930000129,"Valley Presbyterian Hospital, Rehabilitation Unit",Rehabilitation Unit,0,3013,0.00,0.00,9.94,Same,12,
2019,California,Los Angeles,Vancomycin-Resistant Enterococcus Bloodstream Infection (VRE BSI),930000188,West Covina Medical Center,"Community, <125 Beds",0,1838,0.00,0.00,16.30,Same,12,
2019,California,Los Angeles,Vancomycin-Resistant Enterococcus Bloodstream Infection (VRE BSI),930000028,West Hills Hospital & Medical Center,"Community, >250 Beds",1,42824,0.23,0.01,1.30,Same,12,
2019,California,Los Angeles,Vancomycin-Resistant Enterococcus Bloodstream Infection (VRE BSI),930000151,Whittier Hospital Medical Center,"Community, 125-250 Beds",2,29404,0.68,0.08,2.46,Same,12,
2019,California,Madera,Vancomycin-Resistant Enterococcus Bloodstream Infection (VRE BSI),040000111,Madera Community Hospital,"Community, <125 Beds",1,15601,0.64,0.02,3.57,Same,12,
2019,California,Madera,Vancomycin-Resistant Enterococcus Bloodstream Infection (VRE BSI),040000129,Valley Children's Hospital,Pediatric,0,73220,0.00,0.00,0.41,Same,12,
2019,California,Marin,Vancomycin-Resistant Enterococcus Bloodstream Infection (VRE BSI),110000944,"Kaiser Foundation Hospital, San Rafael","Community, <125 Beds",0,20211,0.00,0.00,1.48,Same,12,
2019,California,Marin,Vancomycin-Resistant Enterococcus Bloodstream Infection (VRE BSI),110000946,Kentfield Hospital,Long-Term Acute Care,1,17635,0.57,0.01,3.16,Same,12,
2019,California,Marin,Vancomycin-Resistant Enterococcus Bloodstream Infection (VRE BSI),110000953,MarinHealth Medical Center,"Community, 125-250 Beds",1,38450,0.26,0.01,1.45,Same,12,
2019,California,Marin,Vancomycin-Resistant Enterococcus Bloodstream Infection (VRE BSI),110000982,Novato Community Hospital,"Community, <125 Beds",0,7597,0.00,0.00,3.94,Same,12,
2019,California,Mariposa,Vancomycin-Resistant Enterococcus Bloodstream Infection (VRE BSI),040000105,John C. Fremont Healthcare District,Critical Access,0,4720,0.00,0.00,6.35,Same,12,
2019,California,Mendocino,Vancomycin-Resistant Enterococcus Bloodstream Infection (VRE BSI),110000008,Adventist Health Howard Memorial,Critical Access,0,7904,0.00,0.00,3.79,Same,12,
2019,California,Mendocino,Vancomycin-Resistant Enterococcus Bloodstream Infection (VRE BSI),110000070,Adventist Health Ukiah Valley,"Community, <125 Beds",0,14122,0.00,0.00,2.12,Same,12,
2019,California,Mendocino,Vancomycin-Resistant Enterococcus Bloodstream Infection (VRE BSI),110000023,Mendocino Coast District Hospital,Critical Access,0,4522,0.00,0.00,6.62,Same,12,
2019,California,Merced,Vancomycin-Resistant Enterococcus Bloodstream Infection (VRE BSI),040000110,Memorial Hospital Los Banos,"Community, <125 Beds",0,6050,0.00,0.00,4.95,Same,12,
2019,California,Merced,Vancomycin-Resistant Enterococcus Bloodstream Infection (VRE BSI),040000113,Mercy Medical Center,"Community, 125-250 Beds",0,47390,0.00,0.00,0.63,Same,12,
2019,California,Modoc,Vancomycin-Resistant Enterococcus Bloodstream Infection (VRE BSI),230000011,Modoc Medical Center,Critical Access,0,287,0.00,0.00,104.38,Same,12,
2019,California,Modoc,Vancomycin-Resistant Enterococcus Bloodstream Infection (VRE BSI),230000021,Surprise Valley Community Hospital,Critical Access,0,331,0.00,0.00,90.51,Same,12,
2019,California,Mono,Vancomycin-Resistant Enterococcus Bloodstream Infection (VRE BSI),240000005,Mammoth Hospital,Critical Access,0,2164,0.00,0.00,13.84,Same,12,
2019,California,Monterey,Vancomycin-Resistant Enterococcus Bloodstream Infection (VRE BSI),070000137,Community Hospital of The Monterey Peninsula,"Community, >250 Beds",0,63461,0.00,0.00,0.47,Same,12,
2019,California,Monterey,Vancomycin-Resistant Enterococcus Bloodstream Infection (VRE BSI),070000137,"Community Hospital of The Monterey Peninsula, Rehabilitation Unit",Rehabilitation Unit,0,3343,0.00,0.00,8.96,Same,12,
2019,California,Monterey,Vancomycin-Resistant Enterococcus Bloodstream Infection (VRE BSI),070000141,George L. Mee Memorial Hospital,"Community, <125 Beds",0,8052,0.00,0.00,3.72,Same,12,
2019,California,Monterey,Vancomycin-Resistant Enterococcus Bloodstream Infection (VRE BSI),070000145,Natividad Medical Center,Major Teaching,0,34988,0.00,0.00,0.86,Same,12,
2019,California,Monterey,Vancomycin-Resistant Enterococcus Bloodstream Infection (VRE BSI),070000145,"Natividad Medical Center, Rehabilitation Unit",Rehabilitation Unit,0,8368,0.00,0.00,3.58,Same,12,
2019,California,Monterey,Vancomycin-Resistant Enterococcus Bloodstream Infection (VRE BSI),070000147,Salinas Valley Memorial Hospital,"Community, >250 Beds",0,47594,0.00,0.00,0.63,Same,12,
2019,California,Napa,Vancomycin-Resistant Enterococcus Bloodstream Infection (VRE BSI),110000058,Adventist Health St. Helena,"Community, <125 Beds",1,16289,0.61,0.02,3.42,Same,12,
2019,California,Napa,Vancomycin-Resistant Enterococcus Bloodstream Infection (VRE BSI),110000041,Queen of the Valley Medical Center,"Community, 125-250 Beds",0,29046,0.00,0.00,1.03,Same,12,
2019,California,Napa,Vancomycin-Resistant Enterococcus Bloodstream Infection (VRE BSI),110000041,"Queen of the Valley Medical Center, Rehabilitation Unit",Rehabilitation Unit,0,2755,0.00,0.00,10.87,Same,12,
2019,California,Nevada,Vancomycin-Resistant Enterococcus Bloodstream Infection (VRE BSI),230000262,Sierra Nevada Memorial Hospital,"Community, <125 Beds",0,17893,0.00,0.00,1.67,Same,12,
2019,California,Nevada,Vancomycin-Resistant Enterococcus Bloodstream Infection (VRE BSI),230000265,Tahoe Forest Hospital,Critical Access,0,7406,0.00,0.00,4.05,Same,12,
2019,California,Orange,Vancomycin-Resistant Enterococcus Bloodstream Infection (VRE BSI),060000002,AHMC Anaheim Regional Medical Center,"Community, 125-250 Beds",0,41767,0.00,0.00,0.72,Same,12,
2019,California,Orange,Vancomycin-Resistant Enterococcus Bloodstream Infection (VRE BSI),060000074,Anaheim Global Medical Center,"Community, 125-250 Beds",0,19663,0.00,0.00,1.52,Same,10,"Incomplete Reporter, interpret with caution"
2019,California,Orange,Vancomycin-Resistant Enterococcus Bloodstream Infection (VRE BSI),060000006,Chapman Global Medical Center,"Community, <125 Beds",0,7005,0.00,0.00,4.28,Same,12,
2019,California,Orange,Vancomycin-Resistant Enterococcus Bloodstream Infection (VRE BSI),060001207,Children's Hospital at Mission,Pediatric,0,9727,0.00,0.00,3.08,Same,12,
2019,California,Orange,Vancomycin-Resistant Enterococcus Bloodstream Infection (VRE BSI),060000007,Children's Hospital of Orange County,Pediatric,0,73745,0.00,0.00,0.41,Same,12,
2019,California,Orange,Vancomycin-Resistant Enterococcus Bloodstream Infection (VRE BSI),060000008,College Hospital Costa Mesa,"Community, <125 Beds",0,42023,0.00,0.00,0.71,Same,12,
2019,California,Orange,Vancomycin-Resistant Enterococcus Bloodstream Infection (VRE BSI),060001097,Encompass Health Rehabilitation Hospital of Tustin,Free-Standing Rehabilitation,0,13865,0.00,0.00,2.16,Same,12,
2019,California,Orange,Vancomycin-Resistant Enterococcus Bloodstream Infection (VRE BSI),170001767,Fairview Developmental Center,"Community, <125 Beds",0,73,0.00,0.00,410.37,Same,11,"Incomplete Reporter, interpret with caution"
2019,California,Orange,Vancomycin-Resistant Enterococcus Bloodstream Infection (VRE BSI),060000013,Foothill Regional Medical Center,"Community, <125 Beds",1,10616,0.94,0.02,5.25,Same,12,
2019,California,Orange,Vancomycin-Resistant Enterococcus Bloodstream Infection (VRE BSI),060000011,Fountain Valley Regional Hospital and Medical Center,"Community, >250 Beds",3,90591,0.33,0.07,0.97,Same,12, 
2019,California,Orange,Vancomycin-Resistant Enterococcus Bloodstream Infection (VRE BSI),060000058,Garden Grove Hospital and Medical Center,"Community, 125-250 Beds",0,18988,0.00,0.00,1.58,Same,12,
2019,California,Orange,Vancomycin-Resistant Enterococcus Bloodstream Infection (VRE BSI),060001674,"Healthbridge Children's Hospital, Orange",Pediatric,0,1605,0.00,0.00,18.66,Same,10,"Incomplete Reporter, interpret with caution"
2019,California,Orange,Vancomycin-Resistant Enterococcus Bloodstream Infection (VRE BSI),060001022,Hoag Hospital Irvine,"Community, <125 Beds",0,19128,0.00,0.00,1.57,Same,12,
2019,California,Orange,Vancomycin-Resistant Enterococcus Bloodstream Infection (VRE BSI),060000014,Hoag Memorial Hospital Presbyterian,"Community, >250 Beds",0,124639,0.00,0.00,0.24,Same,12,
2019,California,Orange,Vancomycin-Resistant Enterococcus Bloodstream Infection (VRE BSI),630012891,Hoag Orthopedic Institute,"Community, <125 Beds",0,7464,0.00,0.00,4.01,Same,12,
2019,California,Orange,Vancomycin-Resistant Enterococcus Bloodstream Infection (VRE BSI),060000015,Huntington Beach Hospital,"Community, <125 Beds",0,10503,0.00,0.00,2.85,Same,12,
2019,California,Orange,Vancomycin-Resistant Enterococcus Bloodstream Infection (VRE BSI),630013929,"Kaiser Foundation Hospital, Orange County, Anaheim",Major Teaching,0,63720,0.00,0.00,0.47,Same,12,
2019,California,Orange,Vancomycin-Resistant Enterococcus Bloodstream Infection (VRE BSI),630011745,"Kaiser Foundation Hospital, Orange County, Irvine",Major Teaching,0,36165,0.00,0.00,0.83,Same,12,
2019,California,Orange,Vancomycin-Resistant Enterococcus Bloodstream Infection (VRE BSI),060001360,"Kindred Hospital, Brea",Long-Term Acute Care,2,13953,1.43,0.17,5.18,Same,12,
2019,California,Orange,Vancomycin-Resistant Enterococcus Bloodstream Infection (VRE BSI),930001607,"Kindred Hospital, Santa Ana",Long-Term Acute Care,0,13481,0.00,0.00,2.22,Same,12,
2019,California,Orange,Vancomycin-Resistant Enterococcus Bloodstream Infection (VRE BSI),060000017,"Kindred Hospital, Westminster",Long-Term Acute Care,4,31274,1.28,0.35,3.27,Same,12,
2019,California,Orange,Vancomycin-Resistant Enterococcus Bloodstream Infection (VRE BSI),060000024,La Palma Intercommunity Hospital,"Community, 125-250 Beds",0,10684,0.00,0.00,2.80,Same,12,
2019,California,Orange,Vancomycin-Resistant Enterococcus Bloodstream Infection (VRE BSI),060000025,Los Alamitos Medical Center,"Community, 125-250 Beds",1,45344,0.22,0.01,1.23,Same,12,
2019,California,Orange,Vancomycin-Resistant Enterococcus Bloodstream Infection (VRE BSI),060000208,MemorialCare Orange Coast Medical Center,"Community, 125-250 Beds",0,49620,0.00,0.00,0.60,Same,12,
2019,California,Orange,Vancomycin-Resistant Enterococcus Bloodstream Infection (VRE BSI),060000063,MemorialCare Saddleback Medical Center,"Community, 125-250 Beds",0,45948,0.00,0.00,0.65,Same,12,
2019,California,Orange,Vancomycin-Resistant Enterococcus Bloodstream Infection (VRE BSI),060000066,Mission Hospital Laguna Beach,"Community, <125 Beds",0,10409,0.00,0.00,2.88,Same,12,
2019,California,Orange,Vancomycin-Resistant Enterococcus Bloodstream Infection (VRE BSI),060000060,Mission Hospital Regional Medical Center,"Community, >250 Beds",0,70355,0.00,0.00,0.43,Same,12,
2019,California,Orange,Vancomycin-Resistant Enterococcus Bloodstream Infection (VRE BSI),060000060,"Mission Hospital Regional Medical Center, Rehabilitation Unit",Rehabilitation Unit,0,5131,0.00,0.00,5.84,Same,12,
2019,California,Orange,Vancomycin-Resistant Enterococcus Bloodstream Infection (VRE BSI),060000073,Orange County Global Medical Center,"Community, >250 Beds",1,42388,0.24,0.01,1.31,Same,12,
2019,California,Orange,Vancomycin-Resistant Enterococcus Bloodstream Infection (VRE BSI),060000062,Placentia Linda Hospital,"Community, <125 Beds",1,15283,0.65,0.02,3.65,Same,12,
2019,California,Orange,Vancomycin-Resistant Enterococcus Bloodstream Infection (VRE BSI),060000021,South Coast Global Medical Center,"Community, 125-250 Beds",0,15678,0.00,0.00,1.91,Same,12,
2019,California,Orange,Vancomycin-Resistant Enterococcus Bloodstream Infection (VRE BSI),060000067,"St. Joseph Hospital, Orange","Community, >250 Beds",2,81886,0.24,0.03,0.88,Same,12,
2019,California,Orange,Vancomycin-Resistant Enterococcus Bloodstream Infection (VRE BSI),060000068,St. Jude Medical Center,"Community, >250 Beds",2,75279,0.27,0.03,0.96,Same,12,
2019,California,Orange,Vancomycin-Resistant Enterococcus Bloodstream Infection (VRE BSI),060000068,"St. Jude Medical Center, Rehabilitation Unit",Rehabilitation Unit,0,7853,0.00,0.00,3.81,Same,12,
2019,California,Orange,Vancomycin-Resistant Enterococcus Bloodstream Infection (VRE BSI),060000071,University of California Irvine Medical Center,Major Teaching,5,112900,0.44,0.14,1.03,Same,12,
2019,California,Orange,Vancomycin-Resistant Enterococcus Bloodstream Infection (VRE BSI),060000071,"University of California Irvine Medical Center, Rehabilitation Unit",Rehabilitation Unit,0,3307,0.00,0.00,9.06,Same,12,
2019,California,Orange,Vancomycin-Resistant Enterococcus Bloodstream Infection (VRE BSI),060000016,West Anaheim Medical Center,Major Teaching,0,17275,0.00,0.00,1.73,Same,9,"Incomplete Reporter, interpret with caution"
2019,California,Placer,Vancomycin-Resistant Enterococcus Bloodstream Infection (VRE BSI),030001370,"Kaiser Foundation Hospital, Roseville",Major Teaching,1,107363,0.09,0.00,0.52,Same,12,
2019,California,Placer,Vancomycin-Resistant Enterococcus Bloodstream Infection (VRE BSI),030000109,Sutter Auburn Faith Hospital,"Community, <125 Beds",0,12945,0.00,0.00,2.31,Same,12,
2019,California,Placer,Vancomycin-Resistant Enterococcus Bloodstream Infection (VRE BSI),030000134,Sutter Roseville Medical Center,"Community, >250 Beds",0,88798,0.00,0.00,0.34,Same,12,
2019,California,Placer,Vancomycin-Resistant Enterococcus Bloodstream Infection (VRE BSI),030000134,"Sutter Roseville Medical Center, Rehabilitation Unit",Rehabilitation Unit,0,14456,0.00,0.00,2.07,Same,12,
2019,California,Plumas,Vancomycin-Resistant Enterococcus Bloodstream Infection (VRE BSI),230000004,"Eastern Plumas Hospital, Portola Campus",Critical Access,0,1451,0.00,0.00,20.65,Same,12,
2019,California,Plumas,Vancomycin-Resistant Enterococcus Bloodstream Infection (VRE BSI),230000015,Plumas District Hospital,Critical Access,0,1956,0.00,0.00,15.32,Same,12,
2019,California,Plumas,Vancomycin-Resistant Enterococcus Bloodstream Infection (VRE BSI),230000017,Seneca District Hospital,Critical Access,0,0,,,,,1,"Incomplete Reporter, interpret with caution"
2019,California,Riverside,Vancomycin-Resistant Enterococcus Bloodstream Infection (VRE BSI),250000006,Corona Regional Medical Center,Major Teaching,2,31331,0.64,0.08,2.31,Same,12,
2019,California,Riverside,Vancomycin-Resistant Enterococcus Bloodstream Infection (VRE BSI),250000008,Desert Regional Medical Center,"Community, >250 Beds",0,88187,0.00,0.00,0.34,Same,12,
2019,California,Riverside,Vancomycin-Resistant Enterococcus Bloodstream Infection (VRE BSI),250000008,"Desert Regional Medical Center, Rehabilitation Unit",Rehabilitation Unit,0,2600,0.00,0.00,11.52,Same,12,
2019,California,Riverside,Vancomycin-Resistant Enterococcus Bloodstream Infection (VRE BSI),250000044,Doctors Hospital of Riverside,"Community, 125-250 Beds",2,30429,0.66,0.08,2.37,Same,12,
2019,California,Riverside,Vancomycin-Resistant Enterococcus Bloodstream Infection (VRE BSI),250000011,Eisenhower Medical Center,Major Teaching,1,68066,0.15,0.00,0.82,Same,12,
2019,California,Riverside,Vancomycin-Resistant Enterococcus Bloodstream Infection (VRE BSI),250000012,Hemet Global Medical Center,Major Teaching,0,36912,0.00,0.00,0.81,Same,12,
2019,California,Riverside,Vancomycin-Resistant Enterococcus Bloodstream Infection (VRE BSI),250000017,John F. Kennedy Memorial Hospital,"Community, 125-250 Beds",0,22503,0.00,0.00,1.33,Same,12,
2019,California,Riverside,Vancomycin-Resistant Enterococcus Bloodstream Infection (VRE BSI),630011959,"Kaiser Foundation Hospital, Moreno Valley",Major Teaching,1,19462,0.51,0.01,2.86,Same,12,
2019,California,Riverside,Vancomycin-Resistant Enterococcus Bloodstream Infection (VRE BSI),250000707,"Kaiser Foundation Hospital, Riverside",Major Teaching,2,52644,0.38,0.05,1.37,Same,12,
2019,California,Riverside,Vancomycin-Resistant Enterococcus Bloodstream Infection (VRE BSI),250000004,"Kindred Hospital, Riverside",Long-Term Acute Care,0,12958,0.00,0.00,2.31,Same,12,
2019,California,Riverside,Vancomycin-Resistant Enterococcus Bloodstream Infection (VRE BSI),630012971,"Loma Linda University Medical Center, Murrieta","Community, <125 Beds",1,39269,0.25,0.01,1.42,Same,12,
2019,California,Riverside,Vancomycin-Resistant Enterococcus Bloodstream Infection (VRE BSI),250000727,Menifee Global Medical Center,Major Teaching,0,17294,0.00,0.00,1.73,Same,12,
2019,California,Riverside,Vancomycin-Resistant Enterococcus Bloodstream Infection (VRE BSI),250000042,Palo Verde Hospital,"Community, <125 Beds",0,2482,0.00,0.00,12.07,Same,12,
2019,California,Riverside,Vancomycin-Resistant Enterococcus Bloodstream Infection (VRE BSI),250000049,Riverside Community Hospital,Major Teaching,8,121062,0.66,0.29,1.30,Same,12,
2019,California,Riverside,Vancomycin-Resistant Enterococcus Bloodstream Infection (VRE BSI),250000050,Riverside University Health System - Medical Center,Major Teaching,1,88298,0.11,0.00,0.63,Same,12,
2019,California,Riverside,Vancomycin-Resistant Enterococcus Bloodstream Infection (VRE BSI),250000101,San Gorgonio Memorial Hospital,"Community, <125 Beds",0,12428,0.00,0.00,2.41,Same,12,
2019,California,Riverside,Vancomycin-Resistant Enterococcus Bloodstream Infection (VRE BSI),250000507,"Southwest Healthcare System, Murrieta","Community, <125 Beds",0,28852,0.00,0.00,1.04,Same,12,
2019,California,Riverside,Vancomycin-Resistant Enterococcus Bloodstream Infection (VRE BSI),250000344,"Southwest Healthcare System, Wildomar","Community, <125 Beds",0,32554,0.00,0.00,0.92,Same,12,
2019,California,Riverside,Vancomycin-Resistant Enterococcus Bloodstream Infection (VRE BSI),630014442,Temecula Valley Hospital,"Community, 125-250 Beds",2,39581,0.51,0.06,1.83,Same,12,
2019,California,Riverside,Vancomycin-Resistant Enterococcus Bloodstream Infection (VRE BSI),630017654,Vibra Rehabilitation Hospital of Rancho Mirage,Free-Standing Rehabilitation,0,6692,0.00,0.00,4.48,Same,11,"Incomplete Reporter, interpret with caution"
2019,California,Sacramento,Vancomycin-Resistant Enterococcus Bloodstream Infection (VRE BSI),030000130,"Kaiser Foundation Hospital, Sacramento","Community, >250 Beds",0,54904,0.00,0.00,0.55,Same,12,
2019,California,Sacramento,Vancomycin-Resistant Enterococcus Bloodstream Infection (VRE BSI),030000133,"Kaiser Foundation Hospital, South Sacramento",Major Teaching,1,68256,0.15,0.00,0.82,Same,12,
2019,California,Sacramento,Vancomycin-Resistant Enterococcus Bloodstream Infection (VRE BSI),030000124,Mercy General Hospital,"Community, >250 Beds",0,59700,0.00,0.00,0.50,Same,12,
2019,California,Sacramento,Vancomycin-Resistant Enterococcus Bloodstream Infection (VRE BSI),030000124,"Mercy General Hospital, Rehabilitation Unit",Rehabilitation Unit,0,6840,0.00,0.00,4.38,Same,12,
2019,California,Sacramento,Vancomycin-Resistant Enterococcus Bloodstream Infection (VRE BSI),030000901,Mercy Hospital of Folsom,"Community, <125 Beds",0,26181,0.00,0.00,1.14,Same,12,
2019,California,Sacramento,Vancomycin-Resistant Enterococcus Bloodstream Infection (VRE BSI),030000127,Mercy San Juan Medical Center,Major Teaching,0,92381,0.00,0.00,0.32,Better,12,
2019,California,Sacramento,Vancomycin-Resistant Enterococcus Bloodstream Infection (VRE BSI),030000037,Methodist Hospital of Sacramento,"Community, 125-250 Beds",0,38505,0.00,0.00,0.78,Same,12,
2019,California,Sacramento,Vancomycin-Resistant Enterococcus Bloodstream Infection (VRE BSI),030001506,Shriners Hospitals for Children Northern California,Pediatric,0,6879,0.00,0.00,4.35,Same,12,
2019,California,Sacramento,Vancomycin-Resistant Enterococcus Bloodstream Infection (VRE BSI),030000151,"Sutter Medical Center, Sacramento",Major Teaching,3,154143,0.19,0.04,0.57,Same,12,
2019,California,Sacramento,Vancomycin-Resistant Enterococcus Bloodstream Infection (VRE BSI),030000113,University of California Davis Medical Center,Major Teaching,13,199223,0.65,0.35,1.12,Same,12,
2019,California,Sacramento,Vancomycin-Resistant Enterococcus Bloodstream Infection (VRE BSI),030000113,"University of California Davis Medical Center, Rehabilitation Unit",Rehabilitation Unit,0,4887,0.00,0.00,6.13,Same,10, 
2019,California,Sacramento,Vancomycin-Resistant Enterococcus Bloodstream Infection (VRE BSI),030000907,Vibra Hospital of Sacramento,Long-Term Acute Care,1,17133,0.58,0.01,3.25,Same,12,
2019,California,San Benito,Vancomycin-Resistant Enterococcus Bloodstream Infection (VRE BSI),070000142,Hazel Hawkins Memorial Hospital,"Community, <125 Beds",0,6332,0.00,0.00,4.73,Same,12,
2019,California,San Bernardino,Vancomycin-Resistant Enterococcus Bloodstream Infection (VRE BSI),240000100,Arrowhead Regional Medical Center,"Community, >250 Beds",3,104264,0.29,0.06,0.84,Same,12,
2019,California,San Bernardino,Vancomycin-Resistant Enterococcus Bloodstream Infection (VRE BSI),240001218,Ballard Rehabilitation Hospital,Free-Standing Rehabilitation,0,14144,0.00,0.00,2.12,Same,12,
2019,California,San Bernardino,Vancomycin-Resistant Enterococcus Bloodstream Infection (VRE BSI),240000001,Barstow Community Hospital,"Community, <125 Beds",0,6190,0.00,0.00,4.84,Same,12,
2019,California,San Bernardino,Vancomycin-Resistant Enterococcus Bloodstream Infection (VRE BSI),240000002,Bear Valley Community Hospital,Critical Access,0,715,0.00,0.00,41.90,Same,12,
2019,California,San Bernardino,Vancomycin-Resistant Enterococcus Bloodstream Infection (VRE BSI),240000003,Chino Valley Medical Center,"Community, <125 Beds",0,15801,0.00,0.00,1.90,Same,12,
2019,California,San Bernardino,Vancomycin-Resistant Enterococcus Bloodstream Infection (VRE BSI),240000034,Colorado River Medical Center,Critical Access,0,1309,0.00,0.00,22.89,Same,12,
2019,California,San Bernardino,Vancomycin-Resistant Enterococcus Bloodstream Infection (VRE BSI),240000082,Community Hospital of San Bernardino,"Community, >250 Beds",0,26086,0.00,0.00,1.15,Same,12,
2019,California,San Bernardino,Vancomycin-Resistant Enterococcus Bloodstream Infection (VRE BSI),240001330,Desert Valley Hospital,"Community, 125-250 Beds",0,40592,0.00,0.00,0.74,Same,12,
2019,California,San Bernardino,Vancomycin-Resistant Enterococcus Bloodstream Infection (VRE BSI),240000014,Hi-Desert Medical Center,"Community, <125 Beds",0,6625,0.00,0.00,4.52,Same,12,
2019,California,San Bernardino,Vancomycin-Resistant Enterococcus Bloodstream Infection (VRE BSI),240000024,"Kaiser Foundation Hospital, Fontana",Major Teaching,1,95886,0.10,0.00,0.58,Same,12,
2019,California,San Bernardino,Vancomycin-Resistant Enterococcus Bloodstream Infection (VRE BSI),630013398,"Kaiser Foundation Hospital, Ontario",Major Teaching,2,50047,0.40,0.05,1.44,Same,12,
2019,California,San Bernardino,Vancomycin-Resistant Enterococcus Bloodstream Infection (VRE BSI),240000040,"Kindred Hospital, Ontario",Long-Term Acute Care,0,25649,0.00,0.00,1.17,Same,12,
2019,California,San Bernardino,Vancomycin-Resistant Enterococcus Bloodstream Infection (VRE BSI),240001515,"Kindred Hospital, Rancho",Long-Term Acute Care,0,17548,0.00,0.00,1.71,Same,12,
2019,California,San Bernardino,Vancomycin-Resistant Enterococcus Bloodstream Infection (VRE BSI),630015551,Loma Linda University Children's Hospital,Major Teaching,0,96767,0.00,0.00,0.31,Better,12,
2019,California,San Bernardino,Vancomycin-Resistant Enterococcus Bloodstream Infection (VRE BSI),240000027,Loma Linda University Medical Center,Major Teaching,17,110724,1.54,0.89,2.46,Worse,12,
2019,California,San Bernardino,Vancomycin-Resistant Enterococcus Bloodstream Infection (VRE BSI),240000025,Loma Linda University Medical Center East Campus Hospital,Major Teaching,0,15375,0.00,0.00,1.95,Same,12,
2019,California,San Bernardino,Vancomycin-Resistant Enterococcus Bloodstream Infection (VRE BSI),240000025,"Loma Linda University Medical Center East Campus Hospital, Rehabilitation Unit",Rehabilitation Unit,0,15765,0.00,0.00,1.90,Same,12,
2019,California,San Bernardino,Vancomycin-Resistant Enterococcus Bloodstream Infection (VRE BSI),630012294,Loma Linda University Surgical Hospital,Major Teaching,0,4138,0.00,0.00,7.24,Same,12,
2019,California,San Bernardino,Vancomycin-Resistant Enterococcus Bloodstream Infection (VRE BSI),240000009,Montclair Hospital Medical Center,"Community, <125 Beds",0,9016,0.00,0.00,3.32,Same,12,
2019,California,San Bernardino,Vancomycin-Resistant Enterococcus Bloodstream Infection (VRE BSI),240000052,Mountains Community Hospital,Critical Access,0,986,0.00,0.00,30.38,Same,12,
2019,California,San Bernardino,Vancomycin-Resistant Enterococcus Bloodstream Infection (VRE BSI),240000046,Redlands Community Hospital,"Community, 125-250 Beds",0,50076,0.00,0.00,0.60,Same,12,
2019,California,San Bernardino,Vancomycin-Resistant Enterococcus Bloodstream Infection (VRE BSI),240000053,San Antonio Regional Hospital,"Community, >250 Beds",1,74330,0.13,0.00,0.75,Same,12,
2019,California,San Bernardino,Vancomycin-Resistant Enterococcus Bloodstream Infection (VRE BSI),240000103,St. Bernardine Medical Center,Major Teaching,1,68095,0.15,0.00,0.82,Same,12,
2019,California,San Bernardino,Vancomycin-Resistant Enterococcus Bloodstream Infection (VRE BSI),240000104,"St. Mary Medical Center, Apple Valley",Major Teaching,2,66323,0.30,0.04,1.09,Same,12,
2019,California,San Bernardino,Vancomycin-Resistant Enterococcus Bloodstream Infection (VRE BSI),630012380,Totally Kids Rehabilitation Hospital,Free-Standing Rehabilitation,0,1950,0.00,0.00,15.36,Same,12,
2019,California,San Bernardino,Vancomycin-Resistant Enterococcus Bloodstream Infection (VRE BSI),240000054,Victor Valley Global Medical Center,"Community, <125 Beds",2,30659,0.65,0.08,2.36,Same,12,
2019,California,San Diego,Vancomycin-Resistant Enterococcus Bloodstream Infection (VRE BSI),090000013,Alvarado Hospital Medical Center,"Community, <125 Beds",0,22215,0.00,0.00,1.35,Same,12, 
2019,California,San Diego,Vancomycin-Resistant Enterococcus Bloodstream Infection (VRE BSI),080000045,Grossmont Hospital,Major Teaching,2,121629,0.16,0.02,0.59,Same,12,
2019,California,San Diego,Vancomycin-Resistant Enterococcus Bloodstream Infection (VRE BSI),080000045,"Grossmont Hospital, Rehabilitation Unit",Rehabilitation Unit,0,4014,0.00,0.00,7.46,Same,12,
2019,California,San Diego,Vancomycin-Resistant Enterococcus Bloodstream Infection (VRE BSI),630017096,"Kaiser Foundation Hospital, San Diego",Major Teaching,0,69499,0.00,0.00,0.43,Same,12,
2019,California,San Diego,Vancomycin-Resistant Enterococcus Bloodstream Infection (VRE BSI),080000144,"Kaiser Foundation Hospital, Zion",Major Teaching,0,42100,0.00,0.00,0.71,Same,12,
2019,California,San Diego,Vancomycin-Resistant Enterococcus Bloodstream Infection (VRE BSI),090000048,"Kindred Hospital, San Diego",Long-Term Acute Care,3,18758,1.60,0.33,4.67,Same,12,
2019,California,San Diego,Vancomycin-Resistant Enterococcus Bloodstream Infection (VRE BSI),080000142,Palomar Health Downtown Campus,"Community, <125 Beds",0,0,,,,,12,
2019,California,San Diego,Vancomycin-Resistant Enterococcus Bloodstream Infection (VRE BSI),080000142,"Palomar Health Downtown Campus, Rehabilitation Unit",Rehabilitation Unit,0,6276,0.00,0.00,4.77,Same,12,
2019,California,San Diego,Vancomycin-Resistant Enterococcus Bloodstream Infection (VRE BSI),630013873,Palomar Medical Center,"Community, >250 Beds",3,93956,0.32,0.07,0.93,Same,12,
2019,California,San Diego,Vancomycin-Resistant Enterococcus Bloodstream Infection (VRE BSI),090000145,Paradise Valley Hospital,"Community, >250 Beds",0,19427,0.00,0.00,1.54,Same,12,
2019,California,San Diego,Vancomycin-Resistant Enterococcus Bloodstream Infection (VRE BSI),090000145,"Paradise Valley Hospital, Rehabilitation Unit",Rehabilitation Unit,0,2767,0.00,0.00,10.83,Same,12,
2019,California,San Diego,Vancomycin-Resistant Enterococcus Bloodstream Infection (VRE BSI),080000147,Pomerado Hospital,"Community, <125 Beds",2,22724,0.88,0.11,3.18,Same,12,
2019,California,San Diego,Vancomycin-Resistant Enterococcus Bloodstream Infection (VRE BSI),080000023,"Rady Children's Hospital, San Diego",Pediatric,0,79695,0.00,0.00,0.38,Same,12,
2019,California,San Diego,Vancomycin-Resistant Enterococcus Bloodstream Infection (VRE BSI),080000022,Scripps Green Hospital,"Community, 125-250 Beds",2,33161,0.60,0.07,2.18,Same,12,
2019,California,San Diego,Vancomycin-Resistant Enterococcus Bloodstream Infection (VRE BSI),080000150,"Scripps Memorial Hospital, Encinitas","Community, 125-250 Beds",1,50671,0.20,0.00,1.10,Same,12,
2019,California,San Diego,Vancomycin-Resistant Enterococcus Bloodstream Infection (VRE BSI),080000150,"Scripps Memorial Hospital, Encinitas, Rehabilitation Unit",Rehabilitation Unit,0,4448,0.00,0.00,6.74,Same,12,
2019,California,San Diego,Vancomycin-Resistant Enterococcus Bloodstream Infection (VRE BSI),080000149,"Scripps Memorial Hospital, La Jolla","Community, >250 Beds",3,98138,0.31,0.06,0.89,Same,12,
2019,California,San Diego,Vancomycin-Resistant Enterococcus Bloodstream Infection (VRE BSI),090000025,Scripps Mercy Hospital,Major Teaching,3,97596,0.31,0.06,0.90,Same,12,
2019,California,San Diego,Vancomycin-Resistant Enterococcus Bloodstream Infection (VRE BSI),090000016,Scripps Mercy Hospital Chula Vista,"Community, 125-250 Beds",1,43064,0.23,0.01,1.29,Same,12,
2019,California,San Diego,Vancomycin-Resistant Enterococcus Bloodstream Infection (VRE BSI),090000021,Sharp Chula Vista Medical Center,"Community, 125-250 Beds",0,67484,0.00,0.00,0.44,Same,12,
2019,California,San Diego,Vancomycin-Resistant Enterococcus Bloodstream Infection (VRE BSI),090000033,Sharp Coronado Hospital and Healthcare Center,Major Teaching,0,7032,0.00,0.00,4.26,Same,12,
2019,California,San Diego,Vancomycin-Resistant Enterococcus Bloodstream Infection (VRE BSI),080001470,Sharp Mary Birch Hospital For Women And Newborns,Major Teaching,0,62540,0.00,0.00,0.48,Same,12,
2019,California,San Diego,Vancomycin-Resistant Enterococcus Bloodstream Infection (VRE BSI),080000036,Sharp Memorial Hospital,Major Teaching,1,106219,0.09,0.00,0.52,Same,12,
2019,California,San Diego,Vancomycin-Resistant Enterococcus Bloodstream Infection (VRE BSI),080000152,Tri-City Medical Center,"Community, >250 Beds",0,63266,0.00,0.00,0.47,Same,12,
2019,California,San Diego,Vancomycin-Resistant Enterococcus Bloodstream Infection (VRE BSI),080000152,"Tri-City Medical Center, Rehabilitation Unit",Rehabilitation Unit,0,2008,0.00,0.00,14.92,Same,12,
2019,California,San Diego,Vancomycin-Resistant Enterococcus Bloodstream Infection (VRE BSI),090000154,UC San Diego Health Hillcrest,Major Teaching,2,77073,0.26,0.03,0.94,Same,12,
2019,California,San Diego,Vancomycin-Resistant Enterococcus Bloodstream Infection (VRE BSI),090001116,UC San Diego Health La Jolla,Major Teaching,13,129976,1.00,0.53,1.71,Worse,12,
2019,California,San Diego,Vancomycin-Resistant Enterococcus Bloodstream Infection (VRE BSI),090000977,Vibra Hospital of San Diego,Long-Term Acute Care,1,20090,0.50,0.01,2.77,Same,12,
2019,California,San Francisco,Vancomycin-Resistant Enterococcus Bloodstream Infection (VRE BSI),220000002,"California Pacific Medical Center, California West Campus Hospital",Major Teaching,0,5914,0.00,0.00,5.07,Same,3, 
2019,California,San Francisco,Vancomycin-Resistant Enterococcus Bloodstream Infection (VRE BSI),220000023,"California Pacific Medical Center, Davies Campus Hospital",Major Teaching,0,30375,0.00,0.00,0.99,Same,12,
2019,California,San Francisco,Vancomycin-Resistant Enterococcus Bloodstream Infection (VRE BSI),220000023,"California Pacific Medical Center, Davies Campus Hospital, Rehabilitation Unit",Rehabilitation Unit,0,9512,0.00,0.00,3.15,Same,12,
2019,California,San Francisco,Vancomycin-Resistant Enterococcus Bloodstream Infection (VRE BSI),220000018,"California Pacific Medical Center, Mission Bernal Campus",Major Teaching,0,31166,0.00,0.00,0.96,Same,12,
2019,California,San Francisco,Vancomycin-Resistant Enterococcus Bloodstream Infection (VRE BSI),220000022,"California Pacific Medical Center, Pacific Campus",Major Teaching,1,13915,0.72,0.02,4.00,Same,3, 
2019,California,San Francisco,Vancomycin-Resistant Enterococcus Bloodstream Infection (VRE BSI),220000022,"California Pacific Medical Center, Van Ness Campus",Major Teaching,3,76065,0.39,0.08,1.15,Same,12,
2019,California,San Francisco,Vancomycin-Resistant Enterococcus Bloodstream Infection (VRE BSI),220000003,Chinese Hospital,"Community, <125 Beds",0,6063,0.00,0.00,4.94,Same,12,
2019,California,San Francisco,Vancomycin-Resistant Enterococcus Bloodstream Infection (VRE BSI),220000008,"Kaiser Foundation Hospital, San Francisco",Major Teaching,0,68701,0.00,0.00,0.44,Same,12,
2019,California,San Francisco,Vancomycin-Resistant Enterococcus Bloodstream Infection (VRE BSI),630016625,Kentfield Hospital San Francisco,Long-Term Acute Care,0,12106,0.00,0.00,2.47,Same,11,"Incomplete Reporter, interpret with caution"
2019,California,San Francisco,Vancomycin-Resistant Enterococcus Bloodstream Infection (VRE BSI),220000012,Laguna Honda Hospital & Rehabilitation Center,"Community, <125 Beds",0,177,0.00,0.00,169.25,Same,12,
2019,California,San Francisco,Vancomycin-Resistant Enterococcus Bloodstream Infection (VRE BSI),220000012,"Laguna Honda Hospital & Rehabilitation Center, Rehabilitation Unit",Rehabilitation Unit,0,425,0.00,0.00,70.49,Same,12,
2019,California,San Francisco,Vancomycin-Resistant Enterococcus Bloodstream Infection (VRE BSI),220000029,Saint Francis Memorial Hospital,"Community, 125-250 Beds",0,18205,0.00,0.00,1.65,Same,12,
2019,California,San Francisco,Vancomycin-Resistant Enterococcus Bloodstream Infection (VRE BSI),220000029,"Saint Francis Memorial Hospital, Rehabilitation Unit",Rehabilitation Unit,0,3680,0.00,0.00,8.14,Same,12,
2019,California,San Francisco,Vancomycin-Resistant Enterococcus Bloodstream Infection (VRE BSI),220000030,St. Mary's Medical Center,"Community, 125-250 Beds",0,20264,0.00,0.00,1.48,Same,12,
2019,California,San Francisco,Vancomycin-Resistant Enterococcus Bloodstream Infection (VRE BSI),220000030,"St. Mary's Medical Center, Rehabilitation Unit",Rehabilitation Unit,0,4048,0.00,0.00,7.40,Same,12,
2019,California,San Francisco,Vancomycin-Resistant Enterococcus Bloodstream Infection (VRE BSI),220000031,UCSF Medical Center,Major Teaching,8,155529,0.51,0.22,1.01,Same,12, 
2019,California,San Francisco,Vancomycin-Resistant Enterococcus Bloodstream Infection (VRE BSI),630015778,UCSF Medical Center at Mission Bay,Major Teaching,2,92740,0.22,0.03,0.78,Same,12,
2019,California,San Francisco,Vancomycin-Resistant Enterococcus Bloodstream Infection (VRE BSI),220000019,Zuckerberg San Francisco General Hospital and Trauma Center,Major Teaching,1,90604,0.11,0.00,0.61,Same,11,"Incomplete Reporter, interpret with caution"
2019,California,San Joaquin,Vancomycin-Resistant Enterococcus Bloodstream Infection (VRE BSI),030000139,Adventist Health Lodi Memorial,"Community, 125-250 Beds",2,30247,0.66,0.08,2.39,Same,12,
2019,California,San Joaquin,Vancomycin-Resistant Enterococcus Bloodstream Infection (VRE BSI),030000139,"Adventist Health Lodi Memorial, Rehabilitation Unit",Rehabilitation Unit,0,1663,0.00,0.00,18.01,Same,12,
2019,California,San Joaquin,Vancomycin-Resistant Enterococcus Bloodstream Infection (VRE BSI),030000117,Dameron Hospital,"Community, 125-250 Beds",0,15080,0.00,0.00,1.99,Same,12,
2019,California,San Joaquin,Vancomycin-Resistant Enterococcus Bloodstream Infection (VRE BSI),030000118,Doctors Hospital of Manteca,"Community, <125 Beds",2,15917,1.26,0.15,4.54,Worse,12,
2019,California,San Joaquin,Vancomycin-Resistant Enterococcus Bloodstream Infection (VRE BSI),030000973,"Kaiser Foundation Hospital, Manteca","Community, <125 Beds",0,7757,0.00,0.00,3.86,Same,12,
2019,California,San Joaquin,Vancomycin-Resistant Enterococcus Bloodstream Infection (VRE BSI),030000135,San Joaquin General Hospital,Major Teaching,2,51148,0.39,0.05,1.41,Same,12,
2019,California,San Joaquin,Vancomycin-Resistant Enterococcus Bloodstream Infection (VRE BSI),030000143,St. Joseph's Medical Center Of Stockton,"Community, >250 Beds",3,98049,0.31,0.06,0.89,Same,12,
2019,California,San Joaquin,Vancomycin-Resistant Enterococcus Bloodstream Infection (VRE BSI),030000141,Sutter Tracy Community Hospital,"Community, <125 Beds",0,13964,0.00,0.00,2.15,Same,12,
2019,California,San Luis Obispo,Vancomycin-Resistant Enterococcus Bloodstream Infection (VRE BSI),050000016,French Hospital Medical Center,"Community, <125 Beds",0,20953,0.00,0.00,1.43,Same,12,
2019,California,San Luis Obispo,Vancomycin-Resistant Enterococcus Bloodstream Infection (VRE BSI),050000009,"Marian Regional Medical Center, Arroyo Grande","Community, <125 Beds",0,7235,0.00,0.00,4.14,Same,12,
2019,California,San Luis Obispo,Vancomycin-Resistant Enterococcus Bloodstream Infection (VRE BSI),050000009,"Marian Regional Medical Center, Arroyo Grande, Rehabilitation Unit",Rehabilitation Unit,0,6387,0.00,0.00,4.69,Same,12,
2019,California,San Luis Obispo,Vancomycin-Resistant Enterococcus Bloodstream Infection (VRE BSI),050000031,Sierra Vista Regional Medical Center,"Community, 125-250 Beds",0,24533,0.00,0.00,1.22,Same,12,
2019,California,San Luis Obispo,Vancomycin-Resistant Enterococcus Bloodstream Infection (VRE BSI),050000037,Twin Cities Community Hospital,"Community, <125 Beds",0,17578,0.00,0.00,1.70,Same,12,
2019,California,San Mateo,Vancomycin-Resistant Enterococcus Bloodstream Infection (VRE BSI),220000010,"Kaiser Foundation Hospital, Redwood City",Major Teaching,0,34238,0.00,0.00,0.87,Same,12,
2019,California,San Mateo,Vancomycin-Resistant Enterococcus Bloodstream Infection (VRE BSI),220000009,"Kaiser Foundation Hospital, South San Francisco","Community, <125 Beds",0,22651,0.00,0.00,1.32,Same,12,
2019,California,San Mateo,Vancomycin-Resistant Enterococcus Bloodstream Infection (VRE BSI),220000716,Menlo Park Surgical Hospital,"Community, <125 Beds",0,401,0.00,0.00,74.71,Same,12,
2019,California,San Mateo,Vancomycin-Resistant Enterococcus Bloodstream Infection (VRE BSI),220000017,Mills-Peninsula Medical Center,"Community, 125-250 Beds",0,55035,0.00,0.00,0.54,Same,12,
2019,California,San Mateo,Vancomycin-Resistant Enterococcus Bloodstream Infection (VRE BSI),220000007,San Mateo Medical Center,"Community, <125 Beds",0,12744,0.00,0.00,2.35,Same,12,
2019,California,San Mateo,Vancomycin-Resistant Enterococcus Bloodstream Infection (VRE BSI),220000025,Sequoia Hospital,"Community, 125-250 Beds",0,25469,0.00,0.00,1.18,Same,12,
2019,California,San Mateo,Vancomycin-Resistant Enterococcus Bloodstream Infection (VRE BSI),220000026,Seton Medical Center,Major Teaching,0,38477,0.00,0.00,0.78,Same,12, 
2019,California,Santa Barbara,Vancomycin-Resistant Enterococcus Bloodstream Infection (VRE BSI),050000017,Goleta Valley Cottage Hospital,"Community, <125 Beds",0,4087,0.00,0.00,7.33,Same,12,
2019,California,Santa Barbara,Vancomycin-Resistant Enterococcus Bloodstream Infection (VRE BSI),050000018,Lompoc Valley Medical Center,"Community, <125 Beds",0,7524,0.00,0.00,3.98,Same,12,
2019,California,Santa Barbara,Vancomycin-Resistant Enterococcus Bloodstream Infection (VRE BSI),050000021,Marian Regional Medical Center,"Community, 125-250 Beds",1,58637,0.17,0.00,0.95,Same,12,
2019,California,Santa Barbara,Vancomycin-Resistant Enterococcus Bloodstream Infection (VRE BSI),050000280,Santa Barbara Cottage Hospital,Major Teaching,0,87197,0.00,0.00,0.34,Better,12, 
2019,California,Santa Barbara,Vancomycin-Resistant Enterococcus Bloodstream Infection (VRE BSI),050000280,"Santa Barbara Cottage Hospital, Rehabilitation Unit",Rehabilitation Unit,0,9166,0.00,0.00,3.27,Same,12, 
2019,California,Santa Barbara,Vancomycin-Resistant Enterococcus Bloodstream Infection (VRE BSI),050000030,Santa Ynez Valley Cottage Hospital,Critical Access,0,523,0.00,0.00,57.28,Same,12,
2019,California,Santa Clara,Vancomycin-Resistant Enterococcus Bloodstream Infection (VRE BSI),070001351,El Camino Health,"Community, >250 Beds",2,80179,0.25,0.03,0.90,Same,12,
2019,California,Santa Clara,Vancomycin-Resistant Enterococcus Bloodstream Infection (VRE BSI),070000136,El Camino Health Los Gatos,"Community, 125-250 Beds",0,12849,0.00,0.00,2.33,Same,12,
2019,California,Santa Clara,Vancomycin-Resistant Enterococcus Bloodstream Infection (VRE BSI),070000136,"El Camino Health Los Gatos, Rehabilitation Unit",Rehabilitation Unit,0,7092,0.00,0.00,4.22,Same,12,
2019,California,Santa Clara,Vancomycin-Resistant Enterococcus Bloodstream Infection (VRE BSI),070000153,"Good Samaritan Hospital, San Jose","Community, >250 Beds",2,81425,0.25,0.03,0.89,Same,12,
2019,California,Santa Clara,Vancomycin-Resistant Enterococcus Bloodstream Infection (VRE BSI),070000150,"Kaiser Foundation Hospital, San Jose","Community, 125-250 Beds",0,50239,0.00,0.00,0.60,Same,12,
2019,California,Santa Clara,Vancomycin-Resistant Enterococcus Bloodstream Infection (VRE BSI),070001355,"Kaiser Foundation Hospital, Santa Clara",Major Teaching,1,98468,0.10,0.00,0.57,Same,12,
2019,California,Santa Clara,Vancomycin-Resistant Enterococcus Bloodstream Infection (VRE BSI),070001349,Lucile Packard Children's Hospital Stanford,Pediatric,0,103366,0.00,0.00,0.29,Same,12,
2019,California,Santa Clara,Vancomycin-Resistant Enterococcus Bloodstream Infection (VRE BSI),070000154,Mission Oaks Hospital,"Community, <125 Beds",0,0,,,,,12,
2019,California,Santa Clara,Vancomycin-Resistant Enterococcus Bloodstream Infection (VRE BSI),070000154,"Mission Oaks Hospital, Rehabilitation Unit",Rehabilitation Unit,0,4430,0.00,0.00,6.76,Same,11, 
2019,California,Santa Clara,Vancomycin-Resistant Enterococcus Bloodstream Infection (VRE BSI),070000146,O'Connor Hospital,Major Teaching,1,37732,0.27,0.01,1.48,Same,12,
2019,California,Santa Clara,Vancomycin-Resistant Enterococcus Bloodstream Infection (VRE BSI),070000133,Regional Medical Center of San Jose,"Community, >250 Beds",2,78820,0.25,0.03,0.92,Same,12,
2019,California,Santa Clara,Vancomycin-Resistant Enterococcus Bloodstream Infection (VRE BSI),070000149,Santa Clara Valley Medical Center,Major Teaching,1,108388,0.09,0.00,0.51,Same,12,
2019,California,Santa Clara,Vancomycin-Resistant Enterococcus Bloodstream Infection (VRE BSI),070000635,St. Louise Regional Hospital,"Community, <125 Beds",0,11438,0.00,0.00,2.62,Same,12,
2019,California,Santa Clara,Vancomycin-Resistant Enterococcus Bloodstream Infection (VRE BSI),070001357,Stanford Health Care,Major Teaching,18,152682,1.18,0.70,1.86,Worse,12,
2019,California,Santa Cruz,Vancomycin-Resistant Enterococcus Bloodstream Infection (VRE BSI),070000139,Dominican Hospital,"Community, 125-250 Beds",1,45959,0.22,0.01,1.21,Same,12,
2019,California,Santa Cruz,Vancomycin-Resistant Enterococcus Bloodstream Infection (VRE BSI),070000139,"Dominican Hospital, Rehabilitation Unit",Rehabilitation Unit,0,5660,0.00,0.00,5.29,Same,12,
2019,California,Santa Cruz,Vancomycin-Resistant Enterococcus Bloodstream Infection (VRE BSI),070000959,Sutter Maternity & Surgery Center of Santa Cruz,"Community, <125 Beds",0,5350,0.00,0.00,5.60,Same,12,
2019,California,Santa Cruz,Vancomycin-Resistant Enterococcus Bloodstream Infection (VRE BSI),070000155,Watsonville Community Hospital,"Community, <125 Beds",0,13044,0.00,0.00,2.30,Same,12,
2019,California,Shasta,Vancomycin-Resistant Enterococcus Bloodstream Infection (VRE BSI),230000009,Mayers Memorial Hospital,Critical Access,0,1706,0.00,0.00,17.56,Same,12,
2019,California,Shasta,Vancomycin-Resistant Enterococcus Bloodstream Infection (VRE BSI),230000010,Mercy Medical Center Redding,"Community, >250 Beds",1,65434,0.15,0.00,0.85,Same,12,
2019,California,Shasta,Vancomycin-Resistant Enterococcus Bloodstream Infection (VRE BSI),230000444,Patients' Hospital of Redding,"Community, <125 Beds",0,463,0.00,0.00,64.70,Same,12,
2019,California,Shasta,Vancomycin-Resistant Enterococcus Bloodstream Infection (VRE BSI),230000016,Shasta Regional Medical Center,"Community, 125-250 Beds",0,28718,0.00,0.00,1.04,Same,12,
2019,California,Shasta,Vancomycin-Resistant Enterococcus Bloodstream Infection (VRE BSI),230000422,Vibra Hospital of Northern California,Long-Term Acute Care,0,16499,0.00,0.00,1.82,Same,12,
2019,California,Siskiyou,Vancomycin-Resistant Enterococcus Bloodstream Infection (VRE BSI),230000019,Fairchild Medical Center,Critical Access,0,4248,0.00,0.00,7.05,Same,12,
2019,California,Siskiyou,Vancomycin-Resistant Enterococcus Bloodstream Infection (VRE BSI),230000012,Mercy Medical Center Mt. Shasta,Critical Access,0,3292,0.00,0.00,9.10,Same,12,
2019,California,Solano,Vancomycin-Resistant Enterococcus Bloodstream Infection (VRE BSI),110000011,"Kaiser Foundation Hospital and Rehab Center, Vallejo",Major Teaching,0,41761,0.00,0.00,0.72,Same,12,
2019,California,Solano,Vancomycin-Resistant Enterococcus Bloodstream Infection (VRE BSI),110000011,"Kaiser Foundation Hospital and Rehab Center, Vallejo, Rehabilitation Unit",Rehabilitation Unit,0,16000,0.00,0.00,1.87,Same,12,
2019,California,Solano,Vancomycin-Resistant Enterococcus Bloodstream Infection (VRE BSI),630012364,"Kaiser Foundation Hospital, Vacaville",Major Teaching,0,33868,0.00,0.00,0.88,Same,12,
2019,California,Solano,Vancomycin-Resistant Enterococcus Bloodstream Infection (VRE BSI),110000010,Northbay Medical Center,"Community, 125-250 Beds",0,38202,0.00,0.00,0.78,Same,12,
2019,California,Solano,Vancomycin-Resistant Enterococcus Bloodstream Infection (VRE BSI),110000378,Northbay Vacavalley Hospital,"Community, <125 Beds",0,15346,0.00,0.00,1.95,Same,12,
2019,California,Solano,Vancomycin-Resistant Enterococcus Bloodstream Infection (VRE BSI),110000068,Sutter Solano Medical Center,"Community, <125 Beds",0,20774,0.00,0.00,1.44,Same,12,
2019,California,Sonoma,Vancomycin-Resistant Enterococcus Bloodstream Infection (VRE BSI),110000009,Healdsburg District Hospital,Critical Access,0,2309,0.00,0.00,12.97,Same,12,
2019,California,Sonoma,Vancomycin-Resistant Enterococcus Bloodstream Infection (VRE BSI),110000508,"Kaiser Foundation Hospital, Santa Rosa",Major Teaching,0,41226,0.00,0.00,0.73,Same,12,
2019,California,Sonoma,Vancomycin-Resistant Enterococcus Bloodstream Infection (VRE BSI),110000040,Petaluma Valley Hospital,"Community, <125 Beds",0,13157,0.00,0.00,2.28,Same,12,
2019,California,Sonoma,Vancomycin-Resistant Enterococcus Bloodstream Infection (VRE BSI),140001268,Santa Rosa Memorial Hospital,"Community, >250 Beds",1,67318,0.15,0.00,0.83,Same,12,
2019,California,Sonoma,Vancomycin-Resistant Enterococcus Bloodstream Infection (VRE BSI),140001268,"Santa Rosa Memorial Hospital, Rehabilitation Unit",Rehabilitation Unit,0,4036,0.00,0.00,7.42,Same,12,
2019,California,Sonoma,Vancomycin-Resistant Enterococcus Bloodstream Infection (VRE BSI),110000038,Sonoma Specialty Hospital,"Community, <125 Beds",0,1423,0.00,0.00,21.05,Same,12,
2019,California,Sonoma,Vancomycin-Resistant Enterococcus Bloodstream Infection (VRE BSI),110000056,Sonoma Valley Hospital,"Community, <125 Beds",0,2594,0.00,0.00,11.55,Same,9,"Incomplete Reporter, interpret with caution"
2019,California,Sonoma,Vancomycin-Resistant Enterococcus Bloodstream Infection (VRE BSI),110000007,Sutter Santa Rosa Regional Hospital,"Community, <125 Beds",0,29792,0.00,0.00,1.01,Same,12,
2019,California,Stanislaus,Vancomycin-Resistant Enterococcus Bloodstream Infection (VRE BSI),030000129,Central Valley Specialty Hospital,Long-Term Acute Care,0,25153,0.00,0.00,1.19,Same,12,
2019,California,Stanislaus,Vancomycin-Resistant Enterococcus Bloodstream Infection (VRE BSI),030000122,Doctors Medical Center,"Community, >250 Beds",2,119316,0.17,0.02,0.61,Same,12,
2019,California,Stanislaus,Vancomycin-Resistant Enterococcus Bloodstream Infection (VRE BSI),030000125,Emanuel Medical Center,"Community, 125-250 Beds",0,38866,0.00,0.00,0.77,Same,12,
2019,California,Stanislaus,Vancomycin-Resistant Enterococcus Bloodstream Infection (VRE BSI),630016419,Encompass Health Rehabilitation Hospital of Modesto,Free-Standing Rehabilitation,0,12642,0.00,0.00,2.37,Same,12,
2019,California,Stanislaus,Vancomycin-Resistant Enterococcus Bloodstream Infection (VRE BSI),630011683,"Kaiser Foundation Hospital, Modesto","Community, 125-250 Beds",0,46966,0.00,0.00,0.64,Same,12,
2019,California,Stanislaus,Vancomycin-Resistant Enterococcus Bloodstream Infection (VRE BSI),030000123,Memorial Medical Center,"Community, >250 Beds",1,93559,0.11,0.00,0.60,Same,12,
2019,California,Stanislaus,Vancomycin-Resistant Enterococcus Bloodstream Infection (VRE BSI),030000131,Oak Valley Hospital District,"Community, <125 Beds",0,2711,0.00,0.00,11.05,Same,12,
2019,California,Stanislaus,Vancomycin-Resistant Enterococcus Bloodstream Infection (VRE BSI),030001661,Stanislaus Surgical Hospital,"Community, <125 Beds",0,658,0.00,0.00,45.53,Same,12,
2019,California,Sutter,Vancomycin-Resistant Enterococcus Bloodstream Infection (VRE BSI),630011844,"Sutter Surgical Hospital, North Valley","Community, <125 Beds",0,1421,0.00,0.00,21.08,Same,12,
2019,California,Tehama,Vancomycin-Resistant Enterococcus Bloodstream Infection (VRE BSI),230000020,St. Elizabeth Community Hospital,Major Teaching,0,11134,0.00,0.00,2.69,Same,12,
2019,California,Trinity,Vancomycin-Resistant Enterococcus Bloodstream Infection (VRE BSI),230000022,Trinity Hospital,Critical Access,0,2130,0.00,0.00,14.06,Same,10,"Incomplete Reporter, interpret with caution"
2019,California,Tulare,Vancomycin-Resistant Enterococcus Bloodstream Infection (VRE BSI),120001467,Adventist Health Tulare,"Community, <125 Beds",0,3524,0.00,0.00,8.50,Same,12,
2019,California,Tulare,Vancomycin-Resistant Enterococcus Bloodstream Infection (VRE BSI),120001444,Kaweah Delta Medical Center,Major Teaching,0,110523,0.00,0.00,0.27,Better,12,
2019,California,Tulare,Vancomycin-Resistant Enterococcus Bloodstream Infection (VRE BSI),120001444,"Kaweah Delta Medical Center, Rehabilitation Unit",Rehabilitation Unit,0,6582,0.00,0.00,4.55,Same,12,
2019,California,Tulare,Vancomycin-Resistant Enterococcus Bloodstream Infection (VRE BSI),170001874,Porterville Developmental Center,"Community, <125 Beds",0,763,0.00,0.00,39.26,Same,12,
2019,California,Tulare,Vancomycin-Resistant Enterococcus Bloodstream Infection (VRE BSI),120001464,Sierra View Medical Center,"Community, 125-250 Beds",1,24347,0.41,0.01,2.29,Same,12,
2019,California,Tuolumne,Vancomycin-Resistant Enterococcus Bloodstream Infection (VRE BSI),030001799,Adventist Health Sonora,"Community, <125 Beds",0,17133,0.00,0.00,1.75,Same,12,
2019,California,Ventura,Vancomycin-Resistant Enterococcus Bloodstream Infection (VRE BSI),050000455,Adventist Health Simi Valley,"Community, 125-250 Beds",0,31313,0.00,0.00,0.96,Same,12,
2019,California,Ventura,Vancomycin-Resistant Enterococcus Bloodstream Infection (VRE BSI),050000014,"Community Memorial Hospital, San Buenaventura",Major Teaching,0,56361,0.00,0.00,0.53,Same,12,
2019,California,Ventura,Vancomycin-Resistant Enterococcus Bloodstream Infection (VRE BSI),050000020,Los Robles Hospital & Medical Center,"Community, >250 Beds",1,75343,0.13,0.00,0.74,Same,12,
2019,California,Ventura,Vancomycin-Resistant Enterococcus Bloodstream Infection (VRE BSI),050000553,"Los Robles Hospital & Medical Center, East Campus",Free-Standing Rehabilitation,0,11732,0.00,0.00,2.55,Same,12,
2019,California,Ventura,Vancomycin-Resistant Enterococcus Bloodstream Infection (VRE BSI),050000023,Ojai Valley Community Hospital,Critical Access,0,998,0.00,0.00,30.02,Same,12,
2019,California,Ventura,Vancomycin-Resistant Enterococcus Bloodstream Infection (VRE BSI),050000026,St Johns Pleasant Valley Hospital,"Community, <125 Beds",1,16091,0.62,0.02,3.46,Same,12,
2019,California,Ventura,Vancomycin-Resistant Enterococcus Bloodstream Infection (VRE BSI),050000035,St Johns Regional Medical Center,"Community, 125-250 Beds",2,47840,0.42,0.05,1.51,Same,12,
2019,California,Ventura,Vancomycin-Resistant Enterococcus Bloodstream Infection (VRE BSI),050000035,"St Johns Regional Medical Center, Rehabilitation Unit",Rehabilitation Unit,0,6160,0.00,0.00,4.86,Same,12,
2019,California,Ventura,Vancomycin-Resistant Enterococcus Bloodstream Infection (VRE BSI),050001468,Thousand Oaks Surgical Hospital,"Community, <125 Beds",0,1953,0.00,0.00,15.34,Same,12,
2019,California,Ventura,Vancomycin-Resistant Enterococcus Bloodstream Infection (VRE BSI),050000039,Ventura County Medical Center,Major Teaching,0,39331,0.00,0.00,0.76,Same,12,
2019,California,Ventura,Vancomycin-Resistant Enterococcus Bloodstream Infection (VRE BSI),630010957,"Ventura County Medical Center, Santa Paula Hospital",Major Teaching,0,4541,0.00,0.00,6.60,Same,12,
2019,California,Yolo,Vancomycin-Resistant Enterococcus Bloodstream Infection (VRE BSI),030000149,Sutter Davis Hospital,"Community, <125 Beds",0,15406,0.00,0.00,1.94,Same,12,
2019,California,Yolo,Vancomycin-Resistant Enterococcus Bloodstream Infection (VRE BSI),030000146,Woodland Memorial Hospital,"Community, <125 Beds",0,12814,0.00,0.00,2.34,Same,12,
2019,California,Yuba,Vancomycin-Resistant Enterococcus Bloodstream Infection (VRE BSI),230000261,Adventist Health and Rideout,"Community, 125-250 Beds",1,62458,0.16,0.00,0.89,Same,12,
