names,NRIC,medications,item_code,time,quantity,Date
"Xiong, Joshua",S61272414B,Amlodipine_5mg,ITMN_4494JW, 14:00:00,200,9/27/20
"Xiong, Joshua",S61272414B,Metformin_500mg,ITMN_6764XV, 14:00:00,600,9/27/20
"Xiong, Joshua",S61272414B,Atenolol_50mg,ITMN_9395IN, 14:00:00,200,9/27/20
"Xiong, Joshua",S61272414B,Hydrochlorothiazide_25mg,ITMN_9512HZ, 14:00:00,200,9/27/20
"Xiong, Joshua",S61272414B,Enalapril_5mg,ITMN_5938XO, 14:00:00,200,9/27/20
"Lacsina, Jake",S34211013U,Amlodipine_5mg,ITMN_4494JW, 13:00:00,200,10/2/20
"Lacsina, Jake",S34211013U,Metformin_500mg,ITMN_6764XV, 13:00:00,600,10/2/20
"Lacsina, Jake",S34211013U,Atenolol_50mg,ITMN_9395IN, 13:00:00,200,10/2/20
"Batara, William",S69269144M,Amlodipine_5mg,ITMN_4494JW, 16:15:00,200,10/3/20
"Unga, Joo",S17717478D,Amlodipine_5mg,ITMN_4494JW, 16:45:00,30,10/3/20
"Zhang, Aliza",S39632861N,Amlodipine_5mg,ITMN_4494JW, 09:30:00,40,10/4/20
"Axalan, Leanna",S09539371C,Amlodipine_5mg,ITMN_4494JW, 15:15:00,200,10/4/20
"Kharuhadej, Tassawwar",S05567911O,Amlodipine_5mg,ITMN_4494JW, 14:15:00,40,10/4/20
"Kharuhadej, Tassawwar",S05567911O,Metformin_500mg,ITMN_6764XV, 14:15:00,40,10/4/20
"Kharuhadej, Tassawwar",S23725836J,Atenolol_50mg,ITMN_9395IN, 14:15:00,40,10/4/20
"Ho, Alex",S22628263R,Amlodipine_5mg,ITMN_4494JW, 15:30:00,100,10/5/20
"Ho, Alex",S22628263R,Metformin_500mg,ITMN_6764XV, 15:30:00,300,10/5/20
"Ho, Alex",S22628263R,Atenolol_50mg,ITMN_9395IN, 15:30:00,100,10/5/20
"Ho, Alex",S22628263R,Hydrochlorothiazide_25mg,ITMN_9512HZ, 15:30:00,100,10/5/20
"Ho, Alex",S22628263R,Enalapril_5mg,ITMN_5938XO, 15:30:00,100,10/5/20
"Shoemaker, Kevin",S56704307D,Amlodipine_5mg,ITMN_4494JW, 10:30:00,200,10/8/20
"Bui, Jasmine",S56649917K,Amlodipine_5mg,ITMN_4494JW, 16:45:00,30,10/9/20
"Do, Dawa",S67084578M,Amlodipine_5mg,ITMN_4494JW, 09:00:00,50,10/10/20
"Lam, Aparna",S36036979T,Amlodipine_5mg,ITMN_4494JW, 12:30:00,100,10/10/20
"Kida, Carly",S73813216R,Amlodipine_5mg,ITMN_4494JW, 11:30:00,200,10/10/20
"Basu, Ethan",S34106615L,Amlodipine_5mg,ITMN_4494JW, 11:15:00,100,10/11/20
"Mcclure, Adam",S83971441B,Amlodipine_5mg,ITMN_4494JW, 10:15:00,50,10/11/20
"Tipoti, Tai",S95485603D,Amlodipine_5mg,ITMN_4494JW, 14:00:00,40,10/11/20
"Eydi Shahroodi, Tin",S37151076M,Amlodipine_5mg,ITMN_4494JW, 09:15:00,100,10/12/20
"Stahuljak, Alexander",S73609526X,Amlodipine_5mg,ITMN_4494JW, 13:15:00,30,10/12/20
"Zarate, Morgan",S83248221L,Amlodipine_5mg,ITMN_4494JW, 15:15:00,200,10/12/20
"Zarate, Morgan",S83248221L,Metformin_500mg,ITMN_6764XV, 15:15:00,200,10/12/20
"Zarate, Morgan",S83248221L,Atenolol_50mg,ITMN_9395IN, 15:15:00,200,10/12/20
"Zarate, Morgan",S83248221L,Hydrochlorothiazide_25mg,ITMN_9512HZ, 15:15:00,200,10/12/20
"Zarate, Morgan",S83248221L,Enalapril_5mg,ITMN_5938XO, 15:15:00,200,10/12/20
"Kim, Yeng",S59636323U,Amlodipine_5mg,ITMN_4494JW, 15:15:00,40,10/15/20
"Pham, Deesta",S69663247I,Amlodipine_5mg,ITMN_4494JW, 09:00:00,40,10/15/20
"Poonpiset, Mario",S78945098Q,Amlodipine_5mg,ITMN_4494JW, 13:45:00,30,10/16/20
"Som, Mreenal",S80563053I,Amlodipine_5mg,ITMN_4494JW, 13:15:00,100,10/16/20
"Guo, Rachel",S26141562V,Amlodipine_5mg,ITMN_4494JW, 15:30:00,200,10/18/20
"Baker, Anna Liza",S28627406Y,Amlodipine_5mg,ITMN_4494JW, 10:00:00,50,10/20/20
"Ho, Varun",S80963100E,Amlodipine_5mg,ITMN_4494JW, 14:15:00,200,10/21/20
"Hritsick, Pa Houa",S36214565D,Amlodipine_5mg,ITMN_4494JW, 10:45:00,100,10/21/20
"Headlee, Naomi",S84796988O,Amlodipine_5mg,ITMN_4494JW, 13:30:00,40,10/21/20
"Joh, Ji Young",S25802001G,Amlodipine_5mg,ITMN_4494JW, 09:45:00,50,10/22/20
"Lamczyk, Brandon",S54944414T,Amlodipine_5mg,ITMN_4494JW, 12:00:00,50,10/22/20
"Yang, Haasini",S10415031X,Amlodipine_5mg,ITMN_4494JW, 09:45:00,40,10/23/20
"Roy, Sheila",S73561644C,Amlodipine_5mg,ITMN_4494JW, 11:15:00,30,10/24/20
"Frye, Joseph",S83273665V,Amlodipine_5mg,ITMN_4494JW, 12:45:00,200,10/24/20
"Gilbert, Melvin",S57954827G,Amlodipine_5mg,ITMN_4494JW, 15:30:00,50,10/24/20
"Li, Deepak",S60495426R,Amlodipine_5mg,ITMN_4494JW, 11:00:00,30,10/25/20
"Cohen, K'Lei",S54092092M,Amlodipine_5mg,ITMN_4494JW, 10:15:00,50,10/25/20
"Adhikari, Tung",S99548519Z,Amlodipine_5mg,ITMN_4494JW, 14:45:00,100,10/26/20
"Carter, Sofya",S17104685S,Amlodipine_5mg,ITMN_4494JW, 14:00:00,40,10/26/20
"Bhattacharya, Ariadne",S45905483E,Amlodipine_5mg,ITMN_4494JW, 14:00:00,200,10/26/20
"Yang, Carolyn",S93431422D,Amlodipine_5mg,ITMN_4494JW, 14:30:00,30,9/27/20
"La, Brittany",S89222673G,Amlodipine_5mg,ITMN_4494JW, 13:15:00,30,9/27/20
"Nguyen, Bayarjargal",S19771107R,Amlodipine_5mg,ITMN_4494JW, 13:00:00,50,9/27/20
"Taei, Julian",S83652656C,Amlodipine_5mg,ITMN_4494JW, 13:00:00,30,9/28/20
"Oh, Amy",S60009355A,Amlodipine_5mg,ITMN_4494JW, 11:45:00,100,9/28/20
"Josiah, Edward",S11963595Q,Amlodipine_5mg,ITMN_4494JW, 10:30:00,40,9/29/20
"Ng, Karthik",S47350842P,Amlodipine_5mg,ITMN_4494JW, 15:30:00,100,9/29/20
"Nguyen, Sean",S41315906F,Amlodipine_5mg,ITMN_4494JW, 13:30:00,30,9/29/20
"Cantu, Lehao",S70725414F,Amlodipine_5mg,ITMN_4494JW, 12:45:00,40,10/1/20
"Lastrella, Irene",S90374590S,Amlodipine_5mg,ITMN_4494JW, 12:00:00,30,10/1/20
"Doan, Harry",S66591879K,Amlodipine_5mg,ITMN_4494JW, 16:45:00,30,10/1/20
"Lor, Kayla",S50994272O,Amlodipine_5mg,ITMN_4494JW, 12:15:00,50,10/2/20
"Lor, Kayla",S76400496Z,Metformin_500mg,ITMN_6764XV, 12:15:00,50,10/2/20
"Lor, Kayla",S86117047C,Atenolol_50mg,ITMN_9395IN, 12:15:00,50,10/2/20
"Lor, Kayla",S39663457X,Hydrochlorothiazide_25mg,ITMN_9512HZ, 12:15:00,50,10/2/20
"Lor, Kayla",S68926149V,Enalapril_5mg,ITMN_5938XO, 12:15:00,50,10/2/20
"Olarte, Lessa",S71910692G,Amlodipine_5mg,ITMN_4494JW, 12:45:00,30,10/4/20
"Li, Marylyn",S18138286O,Amlodipine_5mg,ITMN_4494JW, 14:15:00,200,10/4/20
"Terrion, Megan",S30046008A,Amlodipine_5mg,ITMN_4494JW, 13:45:00,30,10/5/20
"Holmes, Haley",S39477791Q,Amlodipine_5mg,ITMN_4494JW, 13:45:00,40,10/6/20
"Pham, David",S44906380I,Amlodipine_5mg,ITMN_4494JW, 11:30:00,50,10/9/20
"Han, Steve",S58438856I,Amlodipine_5mg,ITMN_4494JW, 09:15:00,100,10/9/20
"Khat, Kenneth",S29610691V,Amlodipine_5mg,ITMN_4494JW, 14:00:00,200,10/10/20
"Hoeckel, Grace",S86739677W,Amlodipine_5mg,ITMN_4494JW, 12:15:00,30,10/10/20
"Cockrell, Aishwarya",S39642104E,Amlodipine_5mg,ITMN_4494JW, 11:45:00,100,10/10/20
"Nguyen, Ryan",S36119821G,Amlodipine_5mg,ITMN_4494JW, 14:30:00,200,10/10/20
"Cruz, Joshua",S20164973H,Amlodipine_5mg,ITMN_4494JW, 13:15:00,30,10/11/20
"Sheldon, Allicia",S41420353K,Amlodipine_5mg,ITMN_4494JW, 13:15:00,200,10/11/20
"Chain, Yichen",S01899245D,Amlodipine_5mg,ITMN_4494JW, 15:30:00,50,10/11/20
"Jenks, Jennifer",S13997293W,Amlodipine_5mg,ITMN_4494JW, 09:30:00,40,10/12/20
"Iantorno, Shaina",S24244313T,Amlodipine_5mg,ITMN_4494JW, 16:00:00,50,10/12/20
"Ello, Andrew",S17838502M,Amlodipine_5mg,ITMN_4494JW, 11:45:00,30,10/13/20
"Le, Lucy",S73774584Z,Amlodipine_5mg,ITMN_4494JW, 16:30:00,30,10/13/20
"Takahashi, Akil",S77671928V,Amlodipine_5mg,ITMN_4494JW, 10:00:00,100,10/13/20
"Tanicala, Xengsu",S67919057R,Amlodipine_5mg,ITMN_4494JW, 14:15:00,50,10/13/20
"Kim, Sammie",S51544944V,Amlodipine_5mg,ITMN_4494JW, 11:00:00,200,10/13/20
"Moore, Phillip",S49224521D,Amlodipine_5mg,ITMN_4494JW, 09:30:00,40,10/13/20
"Xue, Kin",S18208300M,Amlodipine_5mg,ITMN_4494JW, 12:30:00,100,10/14/20
"Jones, Meng",S74950761W,Amlodipine_5mg,ITMN_4494JW, 15:30:00,100,10/14/20
"Malmsbury, Jullienne Noelle",S44826833G,Amlodipine_5mg,ITMN_4494JW, 14:00:00,200,10/14/20
"Lopez, Kevin",S42644494Z,Amlodipine_5mg,ITMN_4494JW, 09:00:00,50,10/15/20
"Nguyen, Ayush",S21015412B,Amlodipine_5mg,ITMN_4494JW, 10:00:00,30,10/16/20
"Nguyen, Ayush",S21015412B,Metformin_500mg,ITMN_6764XV, 10:00:00,90,10/16/20
"Nguyen, Ayush",S21015412B,Atenolol_50mg,ITMN_9395IN, 10:00:00,30,10/16/20
"Nguyen, Ayush",S21015412B,Hydrochlorothiazide_25mg,ITMN_9512HZ, 10:00:00,30,10/16/20
"Headlee, Sungchoul",S07100539L,Amlodipine_5mg,ITMN_4494JW, 09:00:00,200,10/19/20
"Pielsticker, Donald",S01013127D,Amlodipine_5mg,ITMN_4494JW, 14:45:00,200,10/19/20
"Rivera, Kevin",S05952203J,Amlodipine_5mg,ITMN_4494JW, 10:00:00,100,10/19/20
"Tsen, Neil",S75976155Y,Amlodipine_5mg,ITMN_4494JW, 12:15:00,40,10/20/20
"Salh, Derrick",S90833824X,Amlodipine_5mg,ITMN_4494JW, 14:30:00,100,10/21/20
"Mossholder, Bethany",S88285656C,Amlodipine_5mg,ITMN_4494JW, 16:30:00,40,10/22/20
"Patel, Erica",S15051229N,Amlodipine_5mg,ITMN_4494JW, 10:15:00,50,10/22/20
"Dai, Kylin",S72611756I,Amlodipine_5mg,ITMN_4494JW, 10:30:00,40,10/23/20
"Strader, Cheyenne",S21741738L,Amlodipine_5mg,ITMN_4494JW, 10:45:00,200,10/23/20
"Prasad, Abhishekha",S12268493X,Amlodipine_5mg,ITMN_4494JW, 09:30:00,50,10/24/20
"Choi, Alan",S58680394V,Amlodipine_5mg,ITMN_4494JW, 15:15:00,200,10/24/20
"Ung, Toshio",S24459137D,Amlodipine_5mg,ITMN_4494JW, 14:15:00,30,10/24/20
"Lopez, Andrew",S90348151D,Amlodipine_5mg,ITMN_4494JW, 14:15:00,30,10/26/20
"Yang, Thanh",S53396573W,Amlodipine_5mg,ITMN_4494JW, 09:00:00,40,10/26/20
"Goodfellow, Rebecca",S80931240N,Amlodipine_5mg,ITMN_4494JW, 15:45:00,50,10/26/20
"Le, Cody",S34625855K,Amlodipine_5mg,ITMN_4494JW, 12:00:00,30,10/26/20
"Vargas, Chasity",S73339813U,Atenolol_50mg,ITMN_9395IN, 09:00:00,200,9/27/20
"Chommala, Johnaton",S28189348S,Atenolol_50mg,ITMN_9395IN, 15:45:00,30,9/29/20
"Morford, Tailun",S82344335G,Atenolol_50mg,ITMN_9395IN, 14:00:00,30,9/29/20
"Hrelja, Sara",S69814405K,Atenolol_50mg,ITMN_9395IN, 12:30:00,50,9/30/20
"Alvarez, Sayan",S60039498J,Atenolol_50mg,ITMN_9395IN, 09:30:00,50,10/1/20
"Chuong, Terry",S37764687Q,Atenolol_50mg,ITMN_9395IN, 09:00:00,100,10/2/20
"Pritchett, Shi Hyung",S69176852X,Atenolol_50mg,ITMN_9395IN, 14:45:00,200,10/2/20
"Vang, Balkarn",S42889268U,Atenolol_50mg,ITMN_9395IN, 14:30:00,100,10/2/20
"Geivett, David",S97461658G,Atenolol_50mg,ITMN_9395IN, 12:45:00,100,10/3/20
"Kakinari, Jason",S94289904D,Atenolol_50mg,ITMN_9395IN, 13:00:00,40,10/4/20
"Nguyen-Huynh, Jennie",S47924687V,Atenolol_50mg,ITMN_9395IN, 10:45:00,50,10/4/20
"Vang, Jessica",S24469755O,Atenolol_50mg,ITMN_9395IN, 09:15:00,50,10/4/20
"Barbour, James",S15220396Q,Atenolol_50mg,ITMN_9395IN, 12:00:00,50,10/5/20
"Barbour, James",S15220396Q,Hydrochlorothiazide_25mg,ITMN_9512HZ, 12:00:00,50,10/5/20
"Barbour, James",S15220396Q,Enalapril_5mg,ITMN_5938XO, 12:00:00,50,10/5/20
"Schwartz, Tristan",S32928674Z,Atenolol_50mg,ITMN_9395IN, 10:15:00,100,10/7/20
"Le, Dennis",S38973886D,Atenolol_50mg,ITMN_9395IN, 12:30:00,40,10/8/20
"Shrestha, Natalie",S77124440K,Atenolol_50mg,ITMN_9395IN, 10:45:00,30,10/8/20
"Ngo, Kayanna",S86614171S,Atenolol_50mg,ITMN_9395IN, 16:15:00,200,10/9/20
"Bhartiya, Barinder",S62301408B,Atenolol_50mg,ITMN_9395IN, 16:15:00,40,10/11/20
"Kim, Bu Sun",S10042607N,Atenolol_50mg,ITMN_9395IN, 11:00:00,30,10/12/20
"Joh, Ji Young",S25802001G,Atenolol_50mg,ITMN_9395IN, 15:15:00,50,10/12/20
"Peluso, Justin",S61078986L,Atenolol_50mg,ITMN_9395IN, 11:30:00,200,10/12/20
"Yin, Anthony",S74415033U,Atenolol_50mg,ITMN_9395IN, 11:45:00,40,10/13/20
"Lee, Charya",S89764025K,Atenolol_50mg,ITMN_9395IN, 13:00:00,50,10/13/20
"Osborn, Ashley",S58012255L,Atenolol_50mg,ITMN_9395IN, 15:00:00,200,10/13/20
"Do, Miranda",S65656618C,Atenolol_50mg,ITMN_9395IN, 10:30:00,40,10/14/20
"Pohl, Jared",S31349652V,Atenolol_50mg,ITMN_9395IN, 12:15:00,40,10/14/20
"Kim, Qi",S00000000L,Atenolol_50mg,ITMN_9395IN, 16:30:00,100,10/14/20
"Hornbuckle, Anthony",S95234557D,Atenolol_50mg,ITMN_9395IN, 16:45:00,100,10/14/20
"Le, Alicia",S06294765I,Atenolol_50mg,ITMN_9395IN, 15:30:00,50,10/14/20
"Ho, Michael",S77715663O,Atenolol_50mg,ITMN_9395IN, 14:15:00,100,10/15/20
"Lee, Lobad",S16229449O,Atenolol_50mg,ITMN_9395IN, 16:45:00,100,10/15/20
"Abraham, Naren",S99192029V,Atenolol_50mg,ITMN_9395IN, 15:30:00,100,10/16/20
"George, Hana",S94845635R,Atenolol_50mg,ITMN_9395IN, 10:30:00,200,10/17/20
"Chen, Naomi",S04031924V,Atenolol_50mg,ITMN_9395IN, 11:45:00,200,10/17/20
"Cha, Susan",S87716993G,Atenolol_50mg,ITMN_9395IN, 16:00:00,30,10/19/20
"Petrie, Marina",S68180895V,Atenolol_50mg,ITMN_9395IN, 10:00:00,50,10/19/20
"Shen, Vivian",S17154350T,Atenolol_50mg,ITMN_9395IN, 13:45:00,30,10/20/20
"Calo, Yoshi",S39465645R,Atenolol_50mg,ITMN_9395IN, 12:15:00,30,10/20/20
"Herold, Jeffrey",S64203319L,Atenolol_50mg,ITMN_9395IN, 16:00:00,200,10/21/20
"Truong, Duy",S98445650Z,Atenolol_50mg,ITMN_9395IN, 15:30:00,40,10/21/20
"Briggs, Suzannah",S14778209E,Atenolol_50mg,ITMN_9395IN, 10:00:00,200,10/22/20
"Kang, Emily",S20041846I,Atenolol_50mg,ITMN_9395IN, 16:45:00,100,10/23/20
"Pierce, Vy",S98676244U,Atenolol_50mg,ITMN_9395IN, 15:00:00,200,10/24/20
"Modi, Angela",S37685917G,Atenolol_50mg,ITMN_9395IN, 09:15:00,40,10/24/20
"Modi, Angela",S37685917G,Hydrochlorothiazide_25mg,ITMN_9512HZ, 09:15:00,40,10/24/20
"Modi, Angela",S37685917G,Enalapril_5mg,ITMN_5938XO, 09:15:00,40,10/24/20
"Szeto, Shan",S01391429D,Atenolol_50mg,ITMN_9395IN, 13:30:00,40,10/24/20
"Idris, Skyeler",S49781652E,Atenolol_50mg,ITMN_9395IN, 10:30:00,30,10/24/20
"Lam, Kristen",S18794472O,Atenolol_50mg,ITMN_9395IN, 14:00:00,40,10/25/20
"Durgan, Cathy",S83094553W,Atenolol_50mg,ITMN_9395IN, 13:45:00,30,10/25/20
"Callahan, Casie",S10756503Q,Atenolol_50mg,ITMN_9395IN, 12:45:00,30,10/25/20
"Nguyen, Stephanie",S84225632Q,Atenolol_50mg,ITMN_9395IN, 14:00:00,200,10/26/20
"Patel, Nelson",S62384346P,Atenolol_50mg,ITMN_9395IN, 11:15:00,30,10/26/20
"Thao, Jenny",S99578281Y,Atenolol_50mg,ITMN_9395IN, 14:45:00,40,9/27/20
"Nguyen, Michelle",S41004511W,Atenolol_50mg,ITMN_9395IN, 10:00:00,100,9/27/20
"Goodfellow, Emily",S49477792D,Atenolol_50mg,ITMN_9395IN, 09:15:00,40,9/29/20
"Ahsan, Jonathan",S11353345E,Atenolol_50mg,ITMN_9395IN, 16:15:00,100,9/29/20
"Ahsan, Jonathan",S11353345E,Hydrochlorothiazide_25mg,ITMN_9512HZ, 16:15:00,100,9/29/20
"Ahsan, Jonathan",S11353345E,Enalapril_5mg,ITMN_5938XO, 16:15:00,100,9/29/20
"Noon, Nhi",S62327416R,Atenolol_50mg,ITMN_9395IN, 13:00:00,200,9/30/20
"Marks, Yee Joo",S46024848E,Atenolol_50mg,ITMN_9395IN, 15:15:00,200,10/1/20
"Loyan, Sylvia",S26110331O,Atenolol_50mg,ITMN_9395IN, 11:30:00,100,10/1/20
"Motazedi, Kevin",S15840466D,Atenolol_50mg,ITMN_9395IN, 16:45:00,40,10/1/20
"Lor, Ann",S29283807Y,Atenolol_50mg,ITMN_9395IN, 13:30:00,200,10/2/20
"Rohrbach, Miles",S90770966E,Atenolol_50mg,ITMN_9395IN, 12:30:00,30,10/3/20
"Dadabhoy, Sung",S66766246D,Atenolol_50mg,ITMN_9395IN, 13:15:00,40,10/5/20
"Causey, Victoria",S13164430S,Atenolol_50mg,ITMN_9395IN, 15:00:00,200,10/5/20
"Shrestha, Kaine",S32881616B,Atenolol_50mg,ITMN_9395IN, 11:15:00,100,10/5/20
"Zhao, Brandon",S83240810R,Atenolol_50mg,ITMN_9395IN, 11:30:00,30,10/5/20
"Zhao, Brandon",S83240810R,Hydrochlorothiazide_25mg,ITMN_9512HZ, 11:30:00,30,10/5/20
"Zhao, Brandon",S83240810R,Enalapril_5mg,ITMN_5938XO, 11:30:00,30,10/5/20
"Terahara, Johnathan",S76965910G,Atenolol_50mg,ITMN_9395IN, 12:15:00,100,10/7/20
"Hang, Benjamin",S38852348E,Atenolol_50mg,ITMN_9395IN, 12:30:00,200,10/8/20
"Koester, Neari",S89425845K,Atenolol_50mg,ITMN_9395IN, 11:45:00,50,10/8/20
"Sudaria, Yichen",S83482651G,Atenolol_50mg,ITMN_9395IN, 13:30:00,40,10/8/20
"Lo, Dang",S83639340A,Atenolol_50mg,ITMN_9395IN, 12:45:00,50,10/9/20
"Kim, Michael",S77173721I,Atenolol_50mg,ITMN_9395IN, 12:00:00,30,10/9/20
"Her, Aman",S62535525D,Atenolol_50mg,ITMN_9395IN, 14:00:00,100,10/9/20
"Lam, Yu Shen",S39717211B,Atenolol_50mg,ITMN_9395IN, 16:15:00,200,10/9/20
"Lam, Yu Shen",S39717211B,Amlodipine_5mg,ITMN_4494JW, 16:15:00,200,10/9/20
"Lam, Yu Shen",S39717211B,Metformin_500mg,ITMN_6764XV, 16:15:00,200,10/9/20
"Lam, Yu Shen",S39717211B,Hydrochlorothiazide_25mg,ITMN_9512HZ, 16:15:00,200,10/9/20
"Lam, Yu Shen",S39717211B,Enalapril_5mg,ITMN_5938XO, 16:15:00,200,10/9/20
"Palagati, Thomas",S80184923S,Atenolol_50mg,ITMN_9395IN, 16:45:00,50,10/13/20
"Pham, Chimmoua",S32346236D,Atenolol_50mg,ITMN_9395IN, 11:30:00,200,10/13/20
"Xu, Phurba",S07688327J,Atenolol_50mg,ITMN_9395IN, 15:30:00,100,10/14/20
"Yang, Bryanna",S68185118U,Atenolol_50mg,ITMN_9395IN, 13:00:00,200,10/14/20
"Aghi, Juliette",S03356602M,Atenolol_50mg,ITMN_9395IN, 12:15:00,100,10/14/20
"Bonath, Calvin",S28927719I,Atenolol_50mg,ITMN_9395IN, 12:30:00,50,10/15/20
"Pham, Michael",S59559042Y,Atenolol_50mg,ITMN_9395IN, 14:00:00,50,10/15/20
"Bui, Pratheeksha",S05209750J,Atenolol_50mg,ITMN_9395IN, 13:15:00,50,10/15/20
"Le, Qin Qin",S16197101Z,Atenolol_50mg,ITMN_9395IN, 11:00:00,30,10/15/20
"Sher, Vincent",S55434913P,Atenolol_50mg,ITMN_9395IN, 11:15:00,100,10/15/20
"Hannig, Ka",S29360350S,Atenolol_50mg,ITMN_9395IN, 13:00:00,200,10/15/20
"Hannig, Ka",S29360350S,Amlodipine_5mg,ITMN_4494JW, 13:00:00,200,10/15/20
"Hannig, Ka",S29360350S,Metformin_500mg,ITMN_6764XV, 13:00:00,200,10/15/20
"Hannig, Ka",S29360350S,Hydrochlorothiazide_25mg,ITMN_9512HZ, 13:00:00,200,10/15/20
"Hannig, Ka",S29360350S,Enalapril_5mg,ITMN_5938XO, 13:00:00,200,10/15/20
"Reddy, Richard",S59486892M,Atenolol_50mg,ITMN_9395IN, 16:15:00,50,10/19/20
"Simon, Angela",S89655313Y,Atenolol_50mg,ITMN_9395IN, 13:45:00,200,10/19/20
"Vu, Saurabh",S45798895B,Atenolol_50mg,ITMN_9395IN, 11:30:00,50,10/20/20
"Vong, Sansom",S95561912F,Atenolol_50mg,ITMN_9395IN, 09:45:00,100,10/20/20
"Nguyen, Sean",S16666706K,Atenolol_50mg,ITMN_9395IN, 09:15:00,100,10/20/20
"Lee, Rianna",S14803644B,Atenolol_50mg,ITMN_9395IN, 11:00:00,40,10/20/20
"Kim, Sydnie",S40817176L,Atenolol_50mg,ITMN_9395IN, 10:15:00,50,10/20/20
"Francin, Valeria",S68137513P,Atenolol_50mg,ITMN_9395IN, 12:45:00,200,10/21/20
"Anderson, Daniel",S54236952W,Atenolol_50mg,ITMN_9395IN, 10:30:00,50,10/23/20
"Anderson, Daniel",S54236952W,Hydrochlorothiazide_25mg,ITMN_9512HZ, 10:30:00,50,10/23/20
"Anderson, Daniel",S54236952W,Enalapril_5mg,ITMN_5938XO, 10:30:00,50,10/23/20
"Somthaboun, Kal",S61090264E,Atenolol_50mg,ITMN_9395IN, 16:30:00,40,10/24/20
"Hirota, Tarah",S30788445I,Atenolol_50mg,ITMN_9395IN, 10:45:00,200,10/25/20
"Lappens, Kawana'Ao",S74112392I,Atenolol_50mg,ITMN_9395IN, 15:00:00,30,10/25/20
"Yu, Jhoemelyn",S02613320L,Atenolol_50mg,ITMN_9395IN, 12:00:00,50,10/26/20
"Long, Huong",S09852499B,Atenolol_50mg,ITMN_9395IN, 09:45:00,30,10/26/20
"Langcauon, Alex",S23712826P,Atenolol_50mg,ITMN_9395IN, 13:45:00,40,10/26/20
"Perkins, Karlee",S48789258G,Atenolol_50mg,ITMN_9395IN, 16:30:00,30,10/26/20
"Chong, Bao",S88308955C,Doxycycline_100mg,ITMN_2373LN, 09:30:00,200,9/27/20
"Tanghal, Mark",S51850613U,Doxycycline_100mg,ITMN_2373LN, 16:30:00,40,9/27/20
"Nguyen, Kazuo",S56037979Z,Doxycycline_100mg,ITMN_2373LN, 13:45:00,200,9/27/20
"Needham, Yin Lin",S55654196O,Doxycycline_100mg,ITMN_2373LN, 13:45:00,30,9/28/20
"Moua, Nkaujzoo",S78003986W,Doxycycline_100mg,ITMN_2373LN, 12:00:00,200,9/28/20
"Do, Charlene",S20655094V,Metformin_850mg,ITMN_2578SY, 09:30:00,30,9/29/20
"Lowe, Carl",S48935397B,Metformin_850mg,ITMN_2578SY, 14:30:00,200,9/29/20
"Delosreyes, Sarfaraz",S42763121L,Metformin_850mg,ITMN_2578SY, 12:00:00,50,9/29/20
"Lam, Tobby",S81928919R,Metformin_850mg,ITMN_2578SY, 15:45:00,30,9/29/20
"Gamage, Keosomalee",S57618477B,Metformin_850mg,ITMN_2578SY, 10:15:00,200,9/29/20
"Nguyen, Ritika",S60957093X,Metformin_850mg,ITMN_2578SY, 13:45:00,50,9/30/20
"Xiong, Jamie",S84756622K,Doxycycline_100mg,ITMN_2373LN, 09:45:00,40,10/1/20
"Lao, Seth-Mitchell",S86774766Z,Doxycycline_100mg,ITMN_2373LN, 15:00:00,100,10/1/20
"Park, Anna",S89808881B,Doxycycline_100mg,ITMN_2373LN, 15:45:00,100,10/1/20
"Tran, Kristin",S64323330L,Doxycycline_100mg,ITMN_2373LN, 16:15:00,200,10/1/20
"Ramkumar, Do",S99448824L,Doxycycline_100mg,ITMN_2373LN, 10:45:00,50,10/1/20
"Situmeang, Shannon",S96513638J,Doxycycline_100mg,ITMN_2373LN, 13:15:00,30,10/1/20
"Weinberg, Keaton",S92049180H,Doxycycline_100mg,ITMN_2373LN, 16:30:00,30,10/1/20
"Donthinani, Hailey",S79533203Z,Doxycycline_100mg,ITMN_2373LN, 15:00:00,40,10/2/20
"Joh, Ji Young",S25802001G,Doxycycline_100mg,ITMN_2373LN, 12:45:00,30,10/3/20
"Ulziibat, Vi",S77807034D,Doxycycline_100mg,ITMN_2373LN, 15:00:00,40,10/3/20
"Klutke, Huong",S91999824U,Doxycycline_100mg,ITMN_2373LN, 10:00:00,40,10/3/20
"Kang, Grace",S60513118J,Doxycycline_100mg,ITMN_2373LN, 13:15:00,200,10/3/20
"Lu, Rathana",S20897615L,Doxycycline_100mg,ITMN_2373LN, 09:15:00,50,10/3/20
"Sandoval, Benjamin",S22226650G,Doxycycline_100mg,ITMN_2373LN, 11:15:00,30,10/4/20
"Hang, Samiha",S74251605Q,Doxycycline_100mg,ITMN_2373LN, 15:45:00,40,10/4/20
"Lee, Jasper",S58834331C,Doxycycline_100mg,ITMN_2373LN, 14:15:00,30,10/5/20
"Widiger, Anh",S65814371R,Doxycycline_100mg,ITMN_2373LN, 09:30:00,30,10/6/20
"Phommaxahane, Jessica",S31553071C,Doxycycline_100mg,ITMN_2373LN, 13:15:00,30,10/6/20
"Khuu, Vandross",S02991958C,Doxycycline_100mg,ITMN_2373LN, 11:45:00,100,10/6/20
"Hanson, Doan",S21727308A,Doxycycline_100mg,ITMN_2373LN, 13:30:00,50,10/8/20
"Hoover, Ka",S43806739T,Doxycycline_100mg,ITMN_2373LN, 14:45:00,100,10/8/20
"Le, Prodeo",S08185619Q,Doxycycline_100mg,ITMN_2373LN, 16:00:00,200,10/9/20
"Chang, Miah",S01008342J,Amlodipine_5mg,ITMN_4494JW, 10:30:00,100,10/9/20
"Chang, Miah",S01008342J,Metformin_500mg,ITMN_6764XV, 10:30:00,300,10/9/20
"Chang, Miah",S01008342J,Hydrochlorothiazide_25mg,ITMN_9512HZ, 10:30:00,100,10/9/20
"Do, Samantha",S32678453C,Doxycycline_100mg,ITMN_2373LN, 10:15:00,30,10/11/20
"Kuge, Katherina",S16280800T,Doxycycline_100mg,ITMN_2373LN, 12:00:00,50,10/11/20
"Lubthisophon, John",S79695692T,Doxycycline_100mg,ITMN_2373LN, 09:15:00,50,10/12/20
"Ng, Jimmy",S15485860T,Doxycycline_100mg,ITMN_2373LN, 13:45:00,40,10/12/20
"Ton, Ryian",S59909779Y,Doxycycline_100mg,ITMN_2373LN, 10:15:00,100,10/12/20
"Seo, Alexander",S16353598D,Doxycycline_100mg,ITMN_2373LN, 14:00:00,200,10/12/20
"Domingo, Nyandi",S49883141L,Doxycycline_100mg,ITMN_2373LN, 09:45:00,40,10/13/20
"Watt, Brandon",S56081758S,Doxycycline_100mg,ITMN_2373LN, 16:15:00,40,10/13/20
"Hoang, Amrita",S35155566X,Doxycycline_100mg,ITMN_2373LN, 13:00:00,200,10/14/20
"Giang, Jaspreet",S33798051Y,Amlodipine_5mg,ITMN_4494JW, 16:00:00,50,10/14/20
"Giang, Jaspreet",S33798051Y,Metformin_500mg,ITMN_6764XV, 16:00:00,50,10/14/20
"Giang, Jaspreet",S33798051Y,Atenolol_50mg,ITMN_9395IN, 16:00:00,50,10/14/20
"Giang, Jaspreet",S33798051Y,Hydrochlorothiazide_25mg,ITMN_9512HZ, 16:00:00,50,10/14/20
"Giang, Jaspreet",S33798051Y,Enalapril_5mg,ITMN_5938XO, 16:00:00,50,10/14/20
"Giang, Jaspreet",S33798051Y,Doxycycline_100mg,ITMN_2373LN, 16:00:00,50,10/14/20
"Salindeho, John",S93315640D,Doxycycline_100mg,ITMN_2373LN, 11:00:00,100,10/18/20
"Tipoti, Brittany",S07001942M,Doxycycline_100mg,ITMN_2373LN, 10:00:00,40,10/18/20
"Kim, Samantha",S36121698S,Metformin_500mg,ITMN_6764XV, 09:30:00,30,10/18/20
"Kascak, Noah",S84585138Z,Metformin_500mg,ITMN_6764XV, 10:45:00,100,10/19/20
"Kimura, Dominique",S01900860P,Metformin_500mg,ITMN_6764XV, 16:15:00,100,10/19/20
"Nuggehalli, Chi-Thong",S24319729L,Metformin_500mg,ITMN_6764XV, 12:30:00,200,10/20/20
"Ho, Ashay",S78927266S,Metformin_500mg,ITMN_6764XV, 16:15:00,30,10/20/20
"Lastrella, Mitchell",S01200877O,Doxycycline_100mg,ITMN_2373LN, 15:00:00,200,10/20/20
"Mcgough, Mohra",S51220913G,Doxycycline_100mg,ITMN_2373LN, 12:15:00,200,10/20/20
"Yang, James",S36844511S,Doxycycline_100mg,ITMN_2373LN, 14:15:00,30,10/21/20
"Kundalia, Melanie",S04988631Y,Doxycycline_100mg,ITMN_2373LN, 15:30:00,200,10/22/20
"Park, Morgen",S97778833Y,Doxycycline_100mg,ITMN_2373LN, 12:15:00,50,10/22/20
"Ota, Marina-Ashley",S36392298C,Doxycycline_100mg,ITMN_2373LN, 12:15:00,200,10/22/20
"Hoover, Brian",S76419555K,Doxycycline_100mg,ITMN_2373LN, 14:00:00,50,10/22/20
"Fujiwara, Katie",S87829358A,Metformin_850mg,ITMN_2578SY, 12:30:00,100,10/24/20
"Mcneely, Heidi",S53519813X,Metformin_850mg,ITMN_2578SY, 09:30:00,30,10/24/20
"Chand, Westin",S38691935Y,Metformin_850mg,ITMN_2578SY, 16:45:00,30,10/25/20
"Ahmed, Tyler",S31546021L,Metformin_850mg,ITMN_2578SY, 14:45:00,50,10/25/20
"Douglas, Haseeb",S52450277P,Metformin_850mg,ITMN_2578SY, 11:30:00,200,10/26/20
"Ferreira, Priyanka",S43486172U,Metformin_850mg,ITMN_2578SY, 11:30:00,50,10/26/20
"Susarla, Khushali",S67816205Z,Doxycycline_100mg,ITMN_2373LN, 09:45:00,30,10/26/20
"Ravilochan, Yvonne",S04907105I,Doxycycline_100mg,ITMN_2373LN, 14:15:00,30,10/26/20
"Liu, Javeria",S87802109N,Doxycycline_100mg,ITMN_2373LN, 12:00:00,30,9/27/20
"Sanders, Jordyn",S28407415J,Doxycycline_100mg,ITMN_2373LN, 14:45:00,200,9/27/20
"Lee, Tracey",S50903637J,Metformin_500mg,ITMN_6764XV, 12:00:00,40,9/27/20
"Lee, Tracey",S50903637J,Atenolol_50mg,ITMN_9395IN, 12:00:00,40,9/27/20
"Lee, Tracey",S50903637J,Hydrochlorothiazide_25mg,ITMN_9512HZ, 12:00:00,40,9/27/20
"Lee, Tracey",S50903637J,Doxycycline_100mg,ITMN_2373LN, 12:00:00,40,9/27/20
"Tiamfook, Hannah",S02038528Q,Doxycycline_100mg,ITMN_2373LN, 13:30:00,40,9/29/20
"Hasan, Maile",S53958005B,Metformin_850mg,ITMN_2578SY, 10:30:00,200,9/29/20
"Liu, Simon",S85525962I,Metformin_850mg,ITMN_2578SY, 16:30:00,40,9/29/20
"Le, Rebekah",S00508873F,Metformin_850mg,ITMN_2578SY, 11:00:00,40,9/29/20
"Pagaduan, Ryan",S20692980V,Metformin_850mg,ITMN_2578SY, 09:45:00,100,9/30/20
"Matin, Lee",S23787323T,Metformin_850mg,ITMN_2578SY, 11:45:00,50,10/1/20
"Lam, Elise",S02088642F,Metformin_850mg,ITMN_2578SY, 10:00:00,100,10/1/20
"Siregar, Steven",S69195254B,Doxycycline_100mg,ITMN_2373LN, 09:45:00,30,10/3/20
"Le, Lucy",S73774584Z,Doxycycline_100mg,ITMN_2373LN, 13:30:00,40,10/3/20
"Garcia, Mariah",S70184310I,Doxycycline_100mg,ITMN_2373LN, 13:15:00,50,10/3/20
"Muckom, Alexander",S38478694E,Metformin_500mg,ITMN_6764XV, 14:15:00,100,10/4/20
"Rodriguez, Keaton",S55244986T,Metformin_500mg,ITMN_6764XV, 14:15:00,40,10/4/20
"Lor, Warren",S39320481X,Metformin_500mg,ITMN_6764XV, 14:30:00,200,10/4/20
"Patel, Erica",S27911887Q,Metformin_500mg,ITMN_6764XV, 13:45:00,50,10/5/20
"Lastrella, Andrew",S15198654K,Metformin_500mg,ITMN_6764XV, 12:15:00,50,10/5/20
"Kim, Monica",S52155544D,Doxycycline_100mg,ITMN_2373LN, 14:45:00,200,10/6/20
"Corning, Christianne",S60399771H,Doxycycline_100mg,ITMN_2373LN, 16:15:00,50,10/7/20
"Weiss, Joseph",S61305852J,Doxycycline_100mg,ITMN_2373LN, 16:15:00,30,10/7/20
"Lee, Matthew",S13968033O,Doxycycline_100mg,ITMN_2373LN, 14:30:00,200,10/8/20
"Patel, Erica",S36430037S,Doxycycline_100mg,ITMN_2373LN, 14:45:00,200,10/8/20
"Yang, Mahmoud",S98358566O,Doxycycline_100mg,ITMN_2373LN, 13:15:00,50,10/8/20
"Rahat, Kenny",S26873209U,Doxycycline_100mg,ITMN_2373LN, 15:00:00,30,10/8/20
"Cha, Rhianna",S61750814B,Doxycycline_100mg,ITMN_2373LN, 12:30:00,200,10/9/20
"Vue, Daniel",S90444702U,Doxycycline_100mg,ITMN_2373LN, 10:45:00,30,10/9/20
"Soto, Charles",S71947107W,Doxycycline_100mg,ITMN_2373LN, 10:45:00,30,10/10/20
"Shioshita, Christopher",S14247558K,Metformin_500mg,ITMN_6764XV, 13:30:00,30,10/10/20
"Liu, Kevin",S59751512J,Metformin_500mg,ITMN_6764XV, 11:00:00,30,10/12/20
"Liwanag, Noah",S66763326B,Metformin_500mg,ITMN_6764XV, 12:00:00,200,10/12/20
"Chance, David",S72256468C,Metformin_500mg,ITMN_6764XV, 11:45:00,30,10/13/20
"Ashlock, Cody",S27568720V,Metformin_500mg,ITMN_6764XV, 14:30:00,200,10/13/20
"San, Vu",S49499372G,Doxycycline_100mg,ITMN_2373LN, 10:15:00,30,10/14/20
"Thach, Sahar",S06847383A,Doxycycline_100mg,ITMN_2373LN, 10:45:00,50,10/14/20
"Ouch, Manas",S35304428P,Doxycycline_100mg,ITMN_2373LN, 09:00:00,100,10/15/20
"Nguyen, Scott",S36729409F,Doxycycline_100mg,ITMN_2373LN, 16:45:00,40,10/16/20
"Nguy, Matthew",S35103693D,Doxycycline_100mg,ITMN_2373LN, 14:30:00,50,10/16/20
"Moin, Cassilyn",S09006749B,Doxycycline_100mg,ITMN_2373LN, 15:15:00,100,10/18/20
"Cheung, Lance",S48096298Z,Doxycycline_100mg,ITMN_2373LN, 15:30:00,50,10/18/20
"Connor, Derek",S49867372S,Doxycycline_100mg,ITMN_2373LN, 16:15:00,200,10/20/20
"Vathanavarin, Leila",S72427893M,Doxycycline_100mg,ITMN_2373LN, 09:30:00,40,10/20/20
"Yang, Micah",S21740340F,Doxycycline_100mg,ITMN_2373LN, 13:30:00,50,10/20/20
"Wi, Alysia",S58725115H,Doxycycline_100mg,ITMN_2373LN, 12:30:00,100,10/20/20
"Kazemi, Sharwagya",S77020291F,Doxycycline_100mg,ITMN_2373LN, 16:30:00,100,10/21/20
"Can, Foifon",S77580934J,Doxycycline_100mg,ITMN_2373LN, 15:45:00,30,10/21/20
"Virmani, Donya",S07550543C,Doxycycline_100mg,ITMN_2373LN, 12:45:00,30,10/22/20
"Hendricks, Yengchong",S61327106H,Doxycycline_100mg,ITMN_2373LN, 13:00:00,200,10/22/20
"Tieu, Joachim",S89083919B,Metformin_500mg,ITMN_6764XV, 13:00:00,100,10/23/20
"Pham, Luke",S98026986W,Metformin_500mg,ITMN_6764XV, 09:15:00,40,10/24/20
"Lor, Paul",S96218165R,Metformin_500mg,ITMN_6764XV, 13:00:00,50,10/24/20
"Kingrasaphone, Abigail",S90490851O,Metformin_500mg,ITMN_6764XV, 14:30:00,30,10/24/20
"Vang, Selena",S81935650J,Metformin_500mg,ITMN_6764XV, 10:30:00,100,10/24/20
"Ghrayyeb, Molly",S76134551H,Doxycycline_100mg,ITMN_2373LN, 14:00:00,200,10/25/20
"Lee, Pamela",S56386440O,Doxycycline_100mg,ITMN_2373LN, 14:15:00,40,10/25/20
"Tran, Peter",S89690883O,Doxycycline_100mg,ITMN_2373LN, 15:45:00,50,10/26/20
"Yang, Stephanie",S03633327I,Doxycycline_100mg,ITMN_2373LN, 16:45:00,40,10/26/20
"Delger, Thu",S11552374Q,Doxycycline_100mg,ITMN_2373LN, 10:45:00,200,10/26/20
"Mcguire, Eric Thuc",S36688937I,Doxycycline_100mg,ITMN_2373LN, 12:45:00,50,10/26/20
"Jalilfar, Michael",S79445083Z,Doxycycline_100mg,ITMN_2373LN, 12:00:00,50,10/26/20
"Vang, Claire",S42584435Y,Doxycycline_100mg,ITMN_2373LN, 14:00:00,30,10/26/20
"Li, Toshal",S14116261J,Doxycycline_100mg,ITMN_2373LN, 11:00:00,200,10/26/20
"Lee, Katie",S06104354D,Enalapril_5mg,ITMN_5938XO, 10:15:00,40,9/28/20
"Xiong, Elfadly",S08855228P,Enalapril_5mg,ITMN_5938XO, 10:30:00,200,9/29/20
"Murthy, Yiyang",S20961916W,Enalapril_5mg,ITMN_5938XO, 13:30:00,50,9/29/20
"Perkins, Dong",S71962585X,Enalapril_5mg,ITMN_5938XO, 09:45:00,40,9/30/20
"Ka, Brian",S45542405S,Enalapril_5mg,ITMN_5938XO, 10:15:00,100,9/30/20
"Cao, Haley",S27035986P,Enalapril_5mg,ITMN_5938XO, 14:00:00,200,10/1/20
"Gonzales, Kiara",S42598726G,Enalapril_5mg,ITMN_5938XO, 11:45:00,100,10/1/20
"Young, Katherine",S29660034K,Enalapril_5mg,ITMN_5938XO, 11:30:00,40,10/2/20
"Vu, Justin",S52803255G,Enalapril_5mg,ITMN_5938XO, 15:00:00,50,10/3/20
"Moala, Yeng",S47594397X,Enalapril_5mg,ITMN_5938XO, 09:15:00,100,10/3/20
"Nguyen, Myeong Se",S49598446G,Enalapril_5mg,ITMN_5938XO, 09:15:00,30,10/4/20
"Le, Sarina",S05495781G,Enalapril_5mg,ITMN_5938XO, 10:30:00,40,10/5/20
"Kumagai, Randy",S62494636O,Enalapril_5mg,ITMN_5938XO, 16:45:00,100,10/6/20
"Son, Adrian",S92482404X,Enalapril_5mg,ITMN_5938XO, 10:45:00,100,10/7/20
"Fukino, Tina",S78945189M,Amlodipine_5mg,ITMN_4494JW, 10:00:00,40,10/7/20
"Fukino, Tina",S78945189M,Metformin_500mg,ITMN_6764XV, 10:00:00,120,10/7/20
"Fukino, Tina",S78945189M,Atenolol_50mg,ITMN_9395IN, 10:00:00,30,10/7/20
"Fukino, Tina",S78945189M,Hydrochlorothiazide_25mg,ITMN_9512HZ, 10:00:00,50,10/7/20
"Fukino, Tina",S78945189M,Enalapril_5mg,ITMN_5938XO, 10:00:00,50,10/7/20
"Giang, Melinda",S12413986Q,Enalapril_5mg,ITMN_5938XO, 11:15:00,40,10/9/20
"Pham, Leonel",S27590184V,Enalapril_5mg,ITMN_5938XO, 16:45:00,200,10/10/20
"Newbern, Richard",S99478797F,Enalapril_5mg,ITMN_5938XO, 16:30:00,40,10/10/20
"Pham, Camron",S91663569D,Enalapril_5mg,ITMN_5938XO, 15:15:00,200,10/10/20
"Cotie, Johnny",S56126992K,Enalapril_5mg,ITMN_5938XO, 13:30:00,100,10/10/20
"Wahlgren, Morgen",S96691355G,Enalapril_5mg,ITMN_5938XO, 15:45:00,50,10/10/20
"Fejeran, Yong Dae",S59015053D,Enalapril_5mg,ITMN_5938XO, 16:15:00,30,10/11/20
"Nguyen, Angelica",S67352398B,Enalapril_5mg,ITMN_5938XO, 13:15:00,30,10/11/20
"Vo, Ethan",S31487506O,Enalapril_5mg,ITMN_5938XO, 09:15:00,40,10/12/20
"Sanders, Jordyn",S28407415J,Enalapril_5mg,ITMN_5938XO, 09:30:00,30,10/13/20
"Chandler, Gabriella",S18742557H,Enalapril_5mg,ITMN_5938XO, 13:30:00,30,10/14/20
"Ho, Hazel Joy",S31613271P,Enalapril_5mg,ITMN_5938XO, 13:00:00,30,10/14/20
"Burd, Joshua",S28162705P,Enalapril_5mg,ITMN_5938XO, 11:30:00,100,10/14/20
"Cha, Stephen",S72779063L,Enalapril_5mg,ITMN_5938XO, 11:30:00,30,10/15/20
"Folsom, Jonathan",S83956532V,Enalapril_5mg,ITMN_5938XO, 11:45:00,200,10/17/20
"Horton, Luis",S39956960Y,Enalapril_5mg,ITMN_5938XO, 12:45:00,40,10/17/20
"Wong, Reechik",S74689223I,Enalapril_5mg,ITMN_5938XO, 11:15:00,100,10/18/20
"Vigo, Chan Young",S07826878U,Enalapril_5mg,ITMN_5938XO, 14:15:00,100,10/18/20
"Gautam, Cody",S78014711D,Enalapril_5mg,ITMN_5938XO, 13:00:00,100,10/18/20
"Lovell, Jeremiah",S66570605A,Enalapril_5mg,ITMN_5938XO, 14:00:00,40,10/18/20
"Nghiem, Joan",S55742731B,Enalapril_5mg,ITMN_5938XO, 11:30:00,100,10/18/20
"Moeller, Torrey",S16549960C,Enalapril_5mg,ITMN_5938XO, 13:15:00,100,10/18/20
"Defonseka, Erin",S80750852Q,Enalapril_5mg,ITMN_5938XO, 13:45:00,40,10/19/20
"Yoshida, Rachelle",S21330824E,Enalapril_5mg,ITMN_5938XO, 13:15:00,200,10/19/20
"Tammana, Mariah",S22417719O,Amlodipine_5mg,ITMN_4494JW, 12:45:00,30,10/20/20
"Tammana, Mariah",S22417719O,Metformin_850mg,ITMN_2578SY, 12:45:00,30,10/20/20
"Tammana, Mariah",S22417719O,Atenolol_50mg,ITMN_9395IN, 12:45:00,30,10/20/20
"Tammana, Mariah",S22417719O,Hydrochlorothiazide_25mg,ITMN_9512HZ, 12:45:00,30,10/20/20
"Tammana, Mariah",S22417719O,Enalapril_5mg,ITMN_5938XO, 12:45:00,30,10/20/20
"Kim, Steven",S74399361E,Enalapril_5mg,ITMN_5938XO, 16:30:00,40,10/26/20
"Quitoriano, Megana",S02976261Q,Enalapril_5mg,ITMN_5938XO, 15:30:00,100,10/26/20
"Yang, Cody",S91344782S,Enalapril_5mg,ITMN_5938XO, 10:00:00,200,10/26/20
"Kargar, Aram",S25968408L,Enalapril_5mg,ITMN_5938XO, 14:00:00,200,9/27/20
"Veres, Daniel",S55511991B,Enalapril_5mg,ITMN_5938XO, 09:45:00,100,9/28/20
"Bates, Karl",S59025790D,Enalapril_5mg,ITMN_5938XO, 15:00:00,200,9/29/20
"Henn, Matthew",S22005359N,Enalapril_5mg,ITMN_5938XO, 16:45:00,50,9/29/20
"Henn, Matthew",S22005359N,Metformin_850mg,ITMN_2578SY, 16:45:00,150,9/29/20
"Ma, Ilman",S73986565K,Enalapril_5mg,ITMN_5938XO, 15:15:00,200,9/30/20
"Sami, Cindy",S73079999A,Enalapril_5mg,ITMN_5938XO, 13:45:00,50,9/30/20
"Morales, Danvy",S34652748N,Enalapril_5mg,ITMN_5938XO, 12:15:00,30,9/30/20
"Key, Isabel",S01534022L,Enalapril_5mg,ITMN_5938XO, 09:45:00,100,10/1/20
"Bohm, Kumiko",S43829142G,Enalapril_5mg,ITMN_5938XO, 16:30:00,100,10/2/20
"Egan, Sarah",S15297170M,Enalapril_5mg,ITMN_5938XO, 12:30:00,40,10/2/20
"Myers, Juliana",S19442610U,Enalapril_5mg,ITMN_5938XO, 14:30:00,50,10/2/20
"Stahuljak, Alexander",S73609526X,Enalapril_5mg,ITMN_5938XO, 16:30:00,30,10/2/20
"Mathe, Alan",S88502257H,Enalapril_5mg,ITMN_5938XO, 12:15:00,30,10/2/20
"Cruz, Janelle",S44973526K,Enalapril_5mg,ITMN_5938XO, 13:00:00,30,10/3/20
"Xiong, Joseph",S54634632B,Enalapril_5mg,ITMN_5938XO, 13:45:00,50,10/3/20
"Reed, Au",S58864055L,Enalapril_5mg,ITMN_5938XO, 15:45:00,100,10/4/20
"Ninomiya, Sage",S58350466L,Enalapril_5mg,ITMN_5938XO, 11:45:00,30,10/4/20
"Kim, Jocelyn",S61738558C,Enalapril_5mg,ITMN_5938XO, 10:15:00,50,10/5/20
"San Pedro, Bryan",S59582988P,Enalapril_5mg,ITMN_5938XO, 12:45:00,50,10/6/20
"Nguyen, Christian",S36663106I,Amlodipine_5mg,ITMN_4494JW, 12:15:00,50,10/6/20
"Nguyen, Christian",S36663106I,Metformin_850mg,ITMN_2578SY, 12:15:00,50,10/6/20
"Nguyen, Christian",S36663106I,Atenolol_50mg,ITMN_9395IN, 12:15:00,50,10/6/20
"Nguyen, Christian",S36663106I,Hydrochlorothiazide_25mg,ITMN_9512HZ, 12:15:00,50,10/6/20
"Flinn, Leia",S99589017S,Enalapril_5mg,ITMN_5938XO, 13:15:00,40,10/7/20
"Pan, Christina",S10564251T,Enalapril_5mg,ITMN_5938XO, 10:15:00,30,10/8/20
"Hardy, Jullienne Noelle",S26895225L,Enalapril_5mg,ITMN_5938XO, 15:30:00,100,10/10/20
"Matano, Michael",S21669335D,Enalapril_5mg,ITMN_5938XO, 11:30:00,30,10/11/20
"Malabanan, Oliver",S12166904P,Enalapril_5mg,ITMN_5938XO, 13:30:00,50,10/11/20
"Paran, Kaitlin",S69962555L,Enalapril_5mg,ITMN_5938XO, 15:45:00,30,10/11/20
"Pradhan, Patricia",S72887309E,Enalapril_5mg,ITMN_5938XO, 16:45:00,100,10/11/20
"Tran, Pa Nhia",S98374841D,Enalapril_5mg,ITMN_5938XO, 16:45:00,200,10/12/20
"Rosenbaum, Henry",S98779894Y,Enalapril_5mg,ITMN_5938XO, 16:45:00,200,10/12/20
"Cash, Tarah",S22721210R,Enalapril_5mg,ITMN_5938XO, 10:45:00,100,10/13/20
"Le, Daniel",S22689776W,Enalapril_5mg,ITMN_5938XO, 14:45:00,200,10/13/20
"Biano, Elijah",S84356670H,Enalapril_5mg,ITMN_5938XO, 12:30:00,100,10/15/20
"West, Sajesh",S93095548C,Enalapril_5mg,ITMN_5938XO, 13:15:00,200,10/15/20
"Do, Cheyenne",S45844437Z,Enalapril_5mg,ITMN_5938XO, 13:00:00,200,10/15/20
"Joh, Ji Young",S25802001G,Enalapril_5mg,ITMN_5938XO, 15:00:00,100,10/15/20
"Mafi, Matthew",S10708118E,Enalapril_5mg,ITMN_5938XO, 11:30:00,40,10/15/20
"Agustin, Jacob",S09822270V,Enalapril_5mg,ITMN_5938XO, 14:15:00,100,10/16/20
"Le, Mikki",S31033973N,Enalapril_5mg,ITMN_5938XO, 09:45:00,200,10/16/20
"De Dios, Aaron",S62287240Q,Enalapril_5mg,ITMN_5938XO, 16:00:00,50,10/17/20
"Bui, Runcai",S37737440T,Enalapril_5mg,ITMN_5938XO, 15:15:00,40,10/17/20
"Moimoi, Anthony",S53144788B,Enalapril_5mg,ITMN_5938XO, 15:15:00,200,10/17/20
"Bottlemy, Alixsandra",S48337065K,Enalapril_5mg,ITMN_5938XO, 13:15:00,30,10/18/20
"Kunzman, Lynssie",S84331161N,Enalapril_5mg,ITMN_5938XO, 09:15:00,100,10/18/20
"Ashtakala, Katie",S49668910F,Enalapril_5mg,ITMN_5938XO, 16:00:00,200,10/18/20
"Lubthisophon, Linda",S80342153I,Enalapril_5mg,ITMN_5938XO, 16:15:00,30,10/18/20
"Roberts, Jenny",S18498688O,Enalapril_5mg,ITMN_5938XO, 13:00:00,30,10/19/20
"Khan, Alexander",S98922686D,Enalapril_5mg,ITMN_5938XO, 15:00:00,30,10/20/20
"Vovan, Chris",S78393960U,Enalapril_5mg,ITMN_5938XO, 13:15:00,200,10/20/20
"Zhang, Becky",S02905995O,Enalapril_5mg,ITMN_5938XO, 15:00:00,30,10/21/20
"Mcpherson, Nathan",S93881017Q,Enalapril_5mg,ITMN_5938XO, 16:30:00,100,10/23/20
"Nguyen, Torrey",S66977218P,Enalapril_5mg,ITMN_5938XO, 14:00:00,100,10/23/20
"Odelberg, Sophia",S37557361O,Enalapril_5mg,ITMN_5938XO, 09:45:00,30,10/23/20
"Oldham, Amy",S57616846R,Enalapril_5mg,ITMN_5938XO, 10:15:00,50,10/24/20
"Mameda, Alex",S67244732D,Enalapril_5mg,ITMN_5938XO, 12:00:00,50,10/25/20
"Chu, Yanyan",S31094974I,Enalapril_5mg,ITMN_5938XO, 13:00:00,100,10/26/20
"Geivett, Brandon",S32823501N,Enalapril_5mg,ITMN_5938XO, 09:45:00,30,10/26/20
"Kawal, Nicholas",S55313581A,Hydrochlorothiazide_25mg,ITMN_9512HZ, 15:30:00,200,9/27/20
"Foy, Emiko",S26830047N,Hydrochlorothiazide_25mg,ITMN_9512HZ, 15:45:00,200,9/27/20
"Lefano, Madalyn",S89627305D,Hydrochlorothiazide_25mg,ITMN_9512HZ, 15:30:00,200,9/27/20
"Zhao, Joey",S11052848O,Hydrochlorothiazide_25mg,ITMN_9512HZ, 15:00:00,200,9/27/20
"Nobrega, Anthony",S10971976G,Hydrochlorothiazide_25mg,ITMN_9512HZ, 15:15:00,100,9/27/20
"Trambulo, John",S97935617P,Hydrochlorothiazide_25mg,ITMN_9512HZ, 14:45:00,30,9/28/20
"Sasaki, Jase",S66090064S,Hydrochlorothiazide_25mg,ITMN_9512HZ, 10:45:00,100,9/28/20
"Siregar, Mike",S80514370I,Hydrochlorothiazide_25mg,ITMN_9512HZ, 14:30:00,100,9/29/20
"Hay, Michaela",S10720516C,Hydrochlorothiazide_25mg,ITMN_9512HZ, 13:45:00,50,9/29/20
"Wu, Nicole",S57501339W,Hydrochlorothiazide_25mg,ITMN_9512HZ, 11:00:00,100,9/30/20
"Do, April",S76284558Y,Hydrochlorothiazide_25mg,ITMN_9512HZ, 15:00:00,200,9/30/20
"Truong, Henryphuoc",S63296316W,Hydrochlorothiazide_25mg,ITMN_9512HZ, 13:00:00,50,10/1/20
"Anicete, Chiana",S70794095N,Hydrochlorothiazide_25mg,ITMN_9512HZ, 12:15:00,100,10/1/20
"Anicete, Chiana",S70794095N,Metformin_850mg,ITMN_2578SY, 12:15:00,100,10/1/20
"Han, Claire",S55911346J,Hydrochlorothiazide_25mg,ITMN_9512HZ, 12:45:00,200,10/2/20
"Suzuki, Quinn",S81303736O,Hydrochlorothiazide_25mg,ITMN_9512HZ, 11:15:00,200,10/2/20
"Lee, Ashuka",S85238699D,Metformin_500mg,ITMN_6764XV, 11:15:00,200,10/2/20
"Peavler, Jonathan",S17491828W,Metformin_500mg,ITMN_6764XV, 14:00:00,100,10/2/20
"Yep, Boyu",S09245937P,Metformin_500mg,ITMN_6764XV, 10:15:00,100,10/2/20
"Xiong, Leilani",S45442727Q,Metformin_500mg,ITMN_6764XV, 11:00:00,100,10/4/20
"Tran, Victoria",S83647526H,Metformin_500mg,ITMN_6764XV, 14:45:00,30,10/5/20
"Kim, Bryan",S12194452C,Hydrochlorothiazide_25mg,ITMN_9512HZ, 09:30:00,50,10/5/20
"Kim, Bryan",S12194452C,Amlodipine_5mg,ITMN_4494JW, 09:30:00,50,10/5/20
"Fujinami, Nadia",S97608857O,Hydrochlorothiazide_25mg,ITMN_9512HZ, 10:45:00,50,10/6/20
"Dang, Hyuk",S09792112V,Hydrochlorothiazide_25mg,ITMN_9512HZ, 11:45:00,200,10/6/20
"Dang, Hyuk",S09792112V,Amlodipine_5mg,ITMN_4494JW, 11:45:00,200,10/6/20
"Kurronen, Sonnie",S20910746I,Hydrochlorothiazide_25mg,ITMN_9512HZ, 14:45:00,30,10/7/20
"Kurronen, Sonnie",S20910746I,Metformin_850mg,ITMN_2578SY, 14:45:00,30,10/7/20
"Pak, Kristian",S87260016W,Hydrochlorothiazide_25mg,ITMN_9512HZ, 12:15:00,40,10/8/20
"Soth, Lady Diane",S34793122B,Hydrochlorothiazide_25mg,ITMN_9512HZ, 09:00:00,200,10/9/20
"Soth, Lady Diane",S34793122B,Amlodipine_5mg,ITMN_4494JW, 09:00:00,200,10/9/20
"Han, Joon",S62143094D,Hydrochlorothiazide_25mg,ITMN_9512HZ, 15:00:00,40,10/10/20
"Chung, Andrew",S76985581C,Hydrochlorothiazide_25mg,ITMN_9512HZ, 14:30:00,50,10/10/20
"Badhesha, Connie",S50645959T,Hydrochlorothiazide_25mg,ITMN_9512HZ, 14:00:00,40,10/11/20
"Ouphasakda, Vidya",S91981250U,Hydrochlorothiazide_25mg,ITMN_9512HZ, 11:00:00,50,10/11/20
"Olson, Aditya",S69688126R,Hydrochlorothiazide_25mg,ITMN_9512HZ, 12:45:00,40,10/11/20
"Maynard, Breann",S29280373J,Hydrochlorothiazide_25mg,ITMN_9512HZ, 16:30:00,100,10/11/20
"Petroni, Laird",S53151649C,Amlodipine_5mg,ITMN_4494JW, 12:15:00,100,10/12/20
"Petroni, Laird",S53151649C,Metformin_500mg,ITMN_6764XV, 12:15:00,300,10/12/20
"Petroni, Laird",S53151649C,Atenolol_50mg,ITMN_9395IN, 12:15:00,100,10/12/20
"Petroni, Laird",S53151649C,Hydrochlorothiazide_25mg,ITMN_9512HZ, 12:15:00,100,10/12/20
"Doyle, Kye",S57977159F,Hydrochlorothiazide_25mg,ITMN_9512HZ, 13:15:00,100,10/13/20
"Sands, Yoo",S36117821M,Hydrochlorothiazide_25mg,ITMN_9512HZ, 09:45:00,40,10/13/20
"Yang, Stephen",S36733163X,Hydrochlorothiazide_25mg,ITMN_9512HZ, 11:15:00,100,10/13/20
"Yang, Stephen",S36733163X,Atenolol_50mg,ITMN_9395IN, 11:15:00,100,10/13/20
"Smith, Michael",S90075637D,Hydrochlorothiazide_25mg,ITMN_9512HZ, 12:30:00,200,10/14/20
"Cha, Rohan",S26190424Z,Hydrochlorothiazide_25mg,ITMN_9512HZ, 14:45:00,100,10/15/20
"Lee, Alma",S83740906C,Metformin_500mg,ITMN_6764XV, 13:00:00,50,10/15/20
"Shih, Huy",S88101920N,Metformin_500mg,ITMN_6764XV, 09:15:00,100,10/15/20
"Sengco, Kasinee",S68079657J,Metformin_500mg,ITMN_6764XV, 13:45:00,50,10/15/20
"Hosseini, Sheila",S89077691Z,Metformin_500mg,ITMN_6764XV, 10:00:00,50,10/15/20
"Quidachay, Christophel",S15512759P,Metformin_500mg,ITMN_6764XV, 13:30:00,100,10/15/20
"Lacsina, Kenneth",S02178924Q,Hydrochlorothiazide_25mg,ITMN_9512HZ, 11:30:00,50,10/16/20
"Somthaboun, Cuong",S38393991Q,Hydrochlorothiazide_25mg,ITMN_9512HZ, 16:30:00,100,10/16/20
"Yokota-Stroman, Shem",S94101346J,Hydrochlorothiazide_25mg,ITMN_9512HZ, 14:30:00,50,10/17/20
"Niedringhaus, Coramarie",S22138831A,Hydrochlorothiazide_25mg,ITMN_9512HZ, 11:45:00,50,10/19/20
"Modisette, Pornporm",S57191410O,Metformin_500mg,ITMN_6764XV, 16:00:00,200,10/21/20
"Moua, Jin",S24076605M,Metformin_500mg,ITMN_6764XV, 16:00:00,30,10/21/20
"Xiong, Joseph",S54634632B,Metformin_500mg,ITMN_6764XV, 16:45:00,200,10/21/20
"Parado Irby, Maiya",S17686397Z,Metformin_500mg,ITMN_6764XV, 13:45:00,200,10/22/20
"Xiong, Aiko",S84477347U,Metformin_500mg,ITMN_6764XV, 13:45:00,50,10/23/20
"Kim, Salome",S05685509L,Hydrochlorothiazide_25mg,ITMN_9512HZ, 14:15:00,200,10/23/20
"Klimek, Brandon",S90647021O,Hydrochlorothiazide_25mg,ITMN_9512HZ, 09:30:00,30,10/24/20
"Olson, Kayleigh",S16221907A,Hydrochlorothiazide_25mg,ITMN_9512HZ, 16:15:00,50,10/24/20
"Le, Lucy",S73774584Z,Hydrochlorothiazide_25mg,ITMN_9512HZ, 13:45:00,100,10/24/20
"Ramamurthi, Jadrian",S73720162X,Hydrochlorothiazide_25mg,ITMN_9512HZ, 16:45:00,200,10/24/20
"Klimek, Yantao",S29952778J,Hydrochlorothiazide_25mg,ITMN_9512HZ, 16:00:00,200,10/25/20
"Klimek, Yantao",S29952778J,Metformin_850mg,ITMN_2578SY, 16:00:00,200,10/25/20
"Wada, Gregory",S26394094J,Hydrochlorothiazide_25mg,ITMN_9512HZ, 10:45:00,200,10/26/20
"Thomson, Joshua",S32617669O,Hydrochlorothiazide_25mg,ITMN_9512HZ, 16:00:00,40,10/26/20
"Lew, Katie",S00988551P,Hydrochlorothiazide_25mg,ITMN_9512HZ, 16:30:00,50,10/26/20
"Sabido, Matthew",S23758416W,Hydrochlorothiazide_25mg,ITMN_9512HZ, 10:45:00,200,9/27/20
"Vue, Amy",S75815787D,Hydrochlorothiazide_25mg,ITMN_9512HZ, 15:00:00,30,9/27/20
"Peavler, Yung",S85914509Y,Hydrochlorothiazide_25mg,ITMN_9512HZ, 14:30:00,40,9/28/20
"Char, Tylon",S30729062A,Hydrochlorothiazide_25mg,ITMN_9512HZ, 09:30:00,40,9/28/20
"Dang, James",S88960172C,Hydrochlorothiazide_25mg,ITMN_9512HZ, 14:00:00,40,9/28/20
"Rupp, Bayasgalan",S03037783N,Hydrochlorothiazide_25mg,ITMN_9512HZ, 12:45:00,100,9/28/20
"Du, Joshua",S95374881J,Hydrochlorothiazide_25mg,ITMN_9512HZ, 09:00:00,200,9/30/20
"Du, Joshua",S95374881J,Enalapril_5mg,ITMN_5938XO, 09:00:00,200,9/30/20
"Iantorno, Perdeep",S02627755Z,Hydrochlorothiazide_25mg,ITMN_9512HZ, 12:00:00,30,10/1/20
"Asher, John",S41716341K,Hydrochlorothiazide_25mg,ITMN_9512HZ, 16:15:00,200,10/1/20
"Liu, Sheila",S78423687Q,Hydrochlorothiazide_25mg,ITMN_9512HZ, 12:45:00,40,10/2/20
"Sena, Maya",S63907899Z,Hydrochlorothiazide_25mg,ITMN_9512HZ, 11:45:00,200,10/2/20
"Sena, Maya",S63907899Z,Enalapril_5mg,ITMN_5938XO, 11:45:00,200,10/2/20
"Fukui, Justin",S44975009L,Hydrochlorothiazide_25mg,ITMN_9512HZ, 13:15:00,30,10/2/20
"Guevara, Sheila",S67023637M,Hydrochlorothiazide_25mg,ITMN_9512HZ, 11:15:00,40,10/3/20
"Liu, Emily",S25115121H,Hydrochlorothiazide_25mg,ITMN_9512HZ, 13:30:00,30,10/3/20
"Yang, Madina",S50220708K,Hydrochlorothiazide_25mg,ITMN_9512HZ, 16:30:00,100,10/3/20
"Warner, Alex",S40809199E,Hydrochlorothiazide_25mg,ITMN_9512HZ, 11:45:00,100,10/4/20
"Reuell, Van",S19017193G,Hydrochlorothiazide_25mg,ITMN_9512HZ, 13:00:00,100,10/4/20
"Nunez, Marcus",S19420250E,Hydrochlorothiazide_25mg,ITMN_9512HZ, 11:45:00,200,10/5/20
"Emerson, Monica",S45557813B,Hydrochlorothiazide_25mg,ITMN_9512HZ, 13:00:00,50,10/5/20
"Liang, Caitlin",S78353435I,Hydrochlorothiazide_25mg,ITMN_9512HZ, 13:30:00,100,10/7/20
"Liang, Caitlin",S78353435I,Amlodipine_5mg,ITMN_4494JW, 13:30:00,100,10/7/20
"Liang, Caitlin",S78353435I,Metformin_850mg,ITMN_2578SY, 13:30:00,300,10/7/20
"Liang, Caitlin",S78353435I,Atenolol_50mg,ITMN_9395IN, 13:30:00,100,10/7/20
"Pham, Jason",S07156842R,Hydrochlorothiazide_25mg,ITMN_9512HZ, 13:30:00,30,10/7/20
"Pham, Tristian",S93169870C,Hydrochlorothiazide_25mg,ITMN_9512HZ, 14:00:00,50,10/8/20
"Qiang, Albert",S85747065J,Hydrochlorothiazide_25mg,ITMN_9512HZ, 09:30:00,30,10/8/20
"Zulali, Joshua",S59147249G,Hydrochlorothiazide_25mg,ITMN_9512HZ, 13:15:00,200,10/8/20
"Soe, Alexandra",S50058581I,Hydrochlorothiazide_25mg,ITMN_9512HZ, 12:30:00,100,10/8/20
"Jordan, Lorraine",S64105777O,Hydrochlorothiazide_25mg,ITMN_9512HZ, 11:45:00,100,10/9/20
"Jordan, Lorraine",S64105777O,Atenolol_50mg,ITMN_9395IN, 11:45:00,100,10/9/20
"Vellore, Roshan",S69804291X,Hydrochlorothiazide_25mg,ITMN_9512HZ, 09:00:00,30,10/10/20
"Jones, Phomy",S10731021U,Hydrochlorothiazide_25mg,ITMN_9512HZ, 09:45:00,40,10/10/20
"Jones, Phomy",S10731021U,Atenolol_50mg,ITMN_9395IN, 09:45:00,40,10/10/20
"Manibusan, Tiffany",S05018091K,Hydrochlorothiazide_25mg,ITMN_9512HZ, 12:00:00,50,10/11/20
"Fisher, Molly",S43472934F,Hydrochlorothiazide_25mg,ITMN_9512HZ, 14:45:00,40,10/11/20
"Vue, Edward",S24843830G,Hydrochlorothiazide_25mg,ITMN_9512HZ, 12:45:00,30,10/12/20
"Vue, Edward",S24843830G,Metformin_850mg,ITMN_2578SY, 12:45:00,30,10/12/20
"Le, Aleesha",S18628722X,Hydrochlorothiazide_25mg,ITMN_9512HZ, 11:45:00,30,10/12/20
"Su, Jhana",S66812524B,Metformin_500mg,ITMN_6764XV, 14:15:00,30,10/13/20
"Truong, Yantao",S82699245X,Metformin_500mg,ITMN_6764XV, 13:30:00,50,10/13/20
"Joshi, Christopher",S47854495G,Metformin_500mg,ITMN_6764XV, 16:30:00,30,10/14/20
"Chu, Yvonne",S12127790J,Metformin_500mg,ITMN_6764XV, 11:45:00,30,10/14/20
"Zaheer, Allana",S55045586A,Metformin_500mg,ITMN_6764XV, 12:30:00,100,10/15/20
"Vang, Maria",S05146853R,Hydrochlorothiazide_25mg,ITMN_9512HZ, 09:30:00,40,10/15/20
"Kennedy, Keliihoalani",S74710641I,Hydrochlorothiazide_25mg,ITMN_9512HZ, 14:30:00,30,10/15/20
"Pham, Loini",S59330416O,Hydrochlorothiazide_25mg,ITMN_9512HZ, 16:45:00,30,10/15/20
"Ham, Laiba",S47720647E,Hydrochlorothiazide_25mg,ITMN_9512HZ, 12:30:00,200,10/16/20
"Tran, Mariko",S56853341G,Hydrochlorothiazide_25mg,ITMN_9512HZ, 13:00:00,30,10/16/20
"Tran, Mariko",S56853341G,Amlodipine_5mg,ITMN_9512HZ, 13:00:00,30,10/16/20
"Tran, Mariko",S56853341G,Metformin_850mg,ITMN_9512HZ, 13:00:00,30,10/16/20
"Tran, Mariko",S56853341G,Atenolol_50mg,ITMN_9512HZ, 13:00:00,30,10/16/20
"Lew, Jeffrey",S46602159A,Hydrochlorothiazide_25mg,ITMN_9512HZ, 16:30:00,100,10/21/20
"Caballero, Andy",S55571874W,Hydrochlorothiazide_25mg,ITMN_9512HZ, 16:30:00,50,10/21/20
"Nguyen, Joewid",S05520271H,Hydrochlorothiazide_25mg,ITMN_9512HZ, 10:45:00,50,10/21/20
"Brock, Christopher",S50060591T,Hydrochlorothiazide_25mg,ITMN_9512HZ, 11:45:00,30,10/21/20
"Kim, Amber",S99559456G,Hydrochlorothiazide_25mg,ITMN_9512HZ, 16:30:00,30,10/22/20
"Nguyen, Serena",S64810411T,Hydrochlorothiazide_25mg,ITMN_9512HZ, 16:45:00,100,10/22/20
"Vue, Taku",S74425216A,Hydrochlorothiazide_25mg,ITMN_9512HZ, 09:30:00,30,10/22/20
"Vue, Taku",S74425216A,Metformin_850mg,ITMN_2578SY, 09:30:00,30,10/22/20
"Lee, John",S17236341R,Hydrochlorothiazide_25mg,ITMN_9512HZ, 13:45:00,40,10/23/20
"Xiong, Joseph",S54634632B,Hydrochlorothiazide_25mg,ITMN_9512HZ, 09:00:00,40,10/24/20
"Le, Ethiyal Raj",S92175212H,Hydrochlorothiazide_25mg,ITMN_9512HZ, 16:00:00,200,10/24/20
"Sun, Amer",S48113797A,Hydrochlorothiazide_25mg,ITMN_9512HZ, 13:30:00,30,10/24/20
"Mungekar, Laird",S93892086O,Hydrochlorothiazide_25mg,ITMN_9512HZ, 14:45:00,50,10/25/20
"Tran, Kylie Alexis",S99013320M,Hydrochlorothiazide_25mg,ITMN_9512HZ, 16:15:00,40,10/25/20
"Kha, Geniveve",S05744762B,Hydrochlorothiazide_25mg,ITMN_9512HZ, 11:00:00,40,10/25/20
"Im, Jyun Hee",S82239133N,Hydrochlorothiazide_25mg,ITMN_9512HZ, 16:30:00,30,10/25/20
"Pappas, Michelle",S49647931E,Hydrochlorothiazide_25mg,ITMN_9512HZ, 10:30:00,100,10/25/20
"Rohilla, Khoa",S26750563M,Hydrochlorothiazide_25mg,ITMN_9512HZ, 11:15:00,30,10/25/20
"Kunugi, Dulguun",S55251598C,Hydrochlorothiazide_25mg,ITMN_9512HZ, 09:30:00,50,10/26/20
"Bui, Sarah",S54856270J,Hydrochlorothiazide_25mg,ITMN_9512HZ, 09:15:00,40,10/26/20
"So, Katherine",S24257537Z,Metformin_500mg,ITMN_6764XV, 13:30:00,40,9/27/20
"Ko, Elizabeth",S68270677M,Metformin_500mg,ITMN_6764XV, 11:30:00,40,9/27/20
"Cabael, Caitlyn",S05370282L,Metformin_500mg,ITMN_6764XV, 12:45:00,100,9/27/20
"Rosa, Kedar",S35209344Z,Metformin_500mg,ITMN_6764XV, 15:15:00,200,9/27/20
"Kim, Nicole",S55868323W,Metformin_500mg,ITMN_6764XV, 09:45:00,40,9/28/20
"Jenness, Brandon",S64637988M,Metformin_500mg,ITMN_6764XV, 09:30:00,200,9/28/20
"Fogg, Kelly",S33534686M,Metformin_500mg,ITMN_6764XV, 12:45:00,40,9/29/20
"Chen, Alyssa",S70527240G,Metformin_500mg,ITMN_6764XV, 13:45:00,200,9/29/20
"Tomas, Colin",S02705639H,Metformin_500mg,ITMN_6764XV, 13:15:00,40,9/30/20
"Dahal, Joshua",S97275219Z,Metformin_500mg,ITMN_6764XV, 16:15:00,30,10/1/20
"Chan, Aaren-Matthew",S64022263B,Metformin_500mg,ITMN_6764XV, 12:15:00,30,10/1/20
"Senethong, Lucas",S67078578C,Metformin_500mg,ITMN_6764XV, 11:30:00,100,10/3/20
"Le, Sara",S59310917Z,Metformin_500mg,ITMN_6764XV, 15:15:00,40,10/3/20
"Sanders, Jordyn",S28407415J,Metformin_500mg,ITMN_6764XV, 10:00:00,100,10/4/20
"Heneman, Sam",S92409162C,Metformin_500mg,ITMN_6764XV, 13:15:00,40,10/4/20
"Fazli, Macie",S25459850H,Metformin_500mg,ITMN_6764XV, 11:30:00,100,10/4/20
"Mckay, Suyin",S55690289K,Metformin_500mg,ITMN_6764XV, 14:15:00,100,10/4/20
"Yee, Simran",S40316325N,Metformin_500mg,ITMN_6764XV, 10:00:00,200,10/5/20
"Richy, Jehan",S19347333S,Metformin_500mg,ITMN_6764XV, 12:00:00,50,10/5/20
"Xiong, Joseph",S54634632B,Metformin_500mg,ITMN_6764XV, 10:00:00,30,10/5/20
"Nguyen, Whitni",S09933955I,Metformin_500mg,ITMN_6764XV, 14:00:00,200,10/6/20
"Ram, Cindy",S69973147C,Metformin_500mg,ITMN_6764XV, 12:15:00,100,10/6/20
"Lee, Joyce Ann",S78230630B,Amlodipine_5mg,ITMN_4494JW, 14:00:00,200,10/6/20
"Lee, Joyce Ann",S78230630B,Metformin_500mg,ITMN_6764XV, 14:00:00,600,10/6/20
"Lee, Joyce Ann",S78230630B,Atenolol_50mg,ITMN_9395IN, 14:00:00,200,10/6/20
"Lee, Joyce Ann",S78230630B,Hydrochlorothiazide_25mg,ITMN_9512HZ, 14:00:00,200,10/6/20
"Lee, Joyce Ann",S78230630B,Enalapril_5mg,ITMN_5938XO, 14:00:00,200,10/6/20
"Tran, Andrew",S45765035D,Metformin_500mg,ITMN_6764XV, 14:00:00,50,10/8/20
"Sabido, Matthew",S23758416W,Metformin_500mg,ITMN_6764XV, 10:15:00,100,10/11/20
"Goto, Dave",S19710471E,Metformin_500mg,ITMN_6764XV, 09:45:00,50,10/11/20
"Le, Foster",S77204779J,Metformin_500mg,ITMN_6764XV, 09:30:00,100,10/12/20
"Long, Yune",S51580442N,Metformin_500mg,ITMN_6764XV, 12:45:00,200,10/12/20
"Yan, Thaison",S18279543T,Metformin_500mg,ITMN_6764XV, 09:30:00,100,10/12/20
"Foor, Anthony",S30474596V,Metformin_500mg,ITMN_6764XV, 11:15:00,100,10/13/20
"Pham, Kacy",S79866939U,Metformin_500mg,ITMN_6764XV, 10:15:00,30,10/14/20
"Smoote'-Caesar, Alura",S16095811M,Metformin_500mg,ITMN_6764XV, 10:00:00,50,10/14/20
"Tan, Josiah",S59689999K,Metformin_500mg,ITMN_6764XV, 16:30:00,30,10/15/20
"Kalam, Menglan",S74964438A,Metformin_500mg,ITMN_6764XV, 15:45:00,100,10/15/20
"Larson, Andrew",S35741752D,Metformin_500mg,ITMN_6764XV, 15:15:00,40,10/15/20
"Yu, Tyler",S52447424X,Metformin_500mg,ITMN_6764XV, 09:15:00,30,10/15/20
"Axalan, Brianna",S40777644T,Metformin_500mg,ITMN_6764XV, 16:45:00,50,10/16/20
"Stahl, Daminh",S54571137W,Metformin_500mg,ITMN_6764XV, 09:15:00,200,10/16/20
"Nguyen, Bum Jin",S57955520U,Metformin_500mg,ITMN_6764XV, 12:45:00,100,10/16/20
"Holm, Derrick",S92885448Z,Metformin_500mg,ITMN_6764XV, 09:00:00,30,10/16/20
"Lee, Matthew",S74758431Q,Metformin_500mg,ITMN_6764XV, 15:30:00,40,10/17/20
"Chuong, Rajdeep",S89581726K,Metformin_500mg,ITMN_6764XV, 13:15:00,100,10/18/20
"Jennings, Jason",S41607522J,Metformin_500mg,ITMN_6764XV, 16:15:00,40,10/19/20
"Bottlemy, Christian",S57494992R,Metformin_500mg,ITMN_6764XV, 11:00:00,40,10/19/20
"Doan, Nartrina",S25232784B,Metformin_500mg,ITMN_6764XV, 12:45:00,100,10/19/20
"Song, Sweta",S79465491O,Amlodipine_5mg,ITMN_4494JW, 09:45:00,30,10/19/20
"Song, Sweta",S79465491O,Metformin_500mg,ITMN_6764XV, 09:45:00,30,10/19/20
"Song, Sweta",S79465491O,Atenolol_50mg,ITMN_9395IN, 09:45:00,30,10/19/20
"Song, Sweta",S79465491O,Hydrochlorothiazide_25mg,ITMN_9512HZ, 09:45:00,30,10/19/20
"Song, Sweta",S79465491O,Enalapril_5mg,ITMN_5938XO, 09:45:00,30,10/19/20
"Irineo, Sara",S13584126H,Metformin_500mg,ITMN_6764XV, 12:45:00,100,10/21/20
"Huck, Eunji",S75807840I,Metformin_500mg,ITMN_6764XV, 15:15:00,50,10/21/20
"Long, Amery",S75503063K,Metformin_500mg,ITMN_6764XV, 09:15:00,30,10/23/20
"Khatter, Andy",S52253589K,Metformin_500mg,ITMN_6764XV, 12:30:00,100,10/23/20
"Thach, Seung",S60348203N,Metformin_500mg,ITMN_6764XV, 09:45:00,40,10/23/20
"Liu, Oh",S41557568K,Metformin_500mg,ITMN_6764XV, 12:15:00,100,10/23/20
"Vargas, Christian",S00795838H,Metformin_500mg,ITMN_6764XV, 16:00:00,40,10/24/20
"Bernatsky, Emily",S28527278I,Metformin_500mg,ITMN_6764XV, 16:00:00,100,10/25/20
"Hallenbeck, Ethiyal Raj",S55881401K,Metformin_500mg,ITMN_6764XV, 09:15:00,200,10/25/20
"Battumur, Russell",S23331585P,Metformin_500mg,ITMN_6764XV, 09:15:00,50,10/25/20
"Clark, Ryan",S48225837I,Metformin_500mg,ITMN_6764XV, 12:30:00,50,10/25/20
"Lim, Alexandra",S68150466X,Metformin_500mg,ITMN_6764XV, 12:45:00,30,10/26/20
"Ditzler, Bailey",S72693109G,Metformin_500mg,ITMN_6764XV, 12:15:00,50,10/26/20
"Tran, Anchal",S68987971H,Metformin_500mg,ITMN_6764XV, 16:15:00,50,10/26/20
"Susarla, Erik",S62589576Q,Metformin_500mg,ITMN_6764XV, 14:45:00,200,9/27/20
"Duncan, Tony",S44958948Z,Metformin_500mg,ITMN_6764XV, 09:00:00,30,9/27/20
"Vang, Cole",S89278783P,Metformin_500mg,ITMN_6764XV, 12:00:00,30,9/27/20
"Vargas, Christian",S00795838H,Metformin_500mg,ITMN_6764XV, 14:45:00,30,9/29/20
"Kim, Jacqueline",S34082625K,Metformin_500mg,ITMN_6764XV, 09:45:00,50,9/30/20
"Phouminh, Xinyuan",S67597931D,Metformin_500mg,ITMN_6764XV, 11:00:00,200,9/30/20
"Liu, Phuong",S73127790K,Metformin_500mg,ITMN_6764XV, 10:15:00,100,10/1/20
"Dhakal, Alexandre",S01334576P,Metformin_500mg,ITMN_6764XV, 13:15:00,100,10/1/20
"Ng, De Ying",S88079288L,Metformin_500mg,ITMN_6764XV, 11:30:00,30,10/2/20
"Sin, Robyn",S64465852P,Metformin_500mg,ITMN_6764XV, 13:15:00,50,10/3/20
"Salle II, Daniel",S80112339F,Metformin_500mg,ITMN_6764XV, 13:00:00,50,10/3/20
"Ha, Rolf",S18211534O,Metformin_500mg,ITMN_6764XV, 10:15:00,100,10/3/20
"Tieu, Scott",S50640717H,Metformin_500mg,ITMN_6764XV, 16:15:00,200,10/3/20
"Cunningham, Aaron",S46094990M,Metformin_500mg,ITMN_6764XV, 13:45:00,200,10/4/20
"Raab, Selina",S08487270Z,Metformin_500mg,ITMN_6764XV, 11:45:00,40,10/4/20
"Puentes, Jeremy",S74674964Z,Metformin_500mg,ITMN_6764XV, 11:30:00,200,10/4/20
"Macdonald, Ariel",S65385705E,Amlodipine_5mg,ITMN_4494JW, 14:30:00,200,10/5/20
"Macdonald, Ariel",S65385705E,Metformin_850mg,ITMN_2578SY, 14:30:00,200,10/5/20
"Macdonald, Ariel",S65385705E,Atenolol_50mg,ITMN_9395IN, 14:30:00,200,10/5/20
"Macdonald, Ariel",S65385705E,Hydrochlorothiazide_25mg,ITMN_9512HZ, 14:30:00,200,10/5/20
"Thorpe, Janice",S29155857D,Metformin_500mg,ITMN_6764XV, 15:30:00,30,10/7/20
"Baek, Thomas Pablo",S33770060Z,Metformin_500mg,ITMN_6764XV, 15:15:00,40,10/7/20
"Pannotayan, Meeso",S33503512N,Metformin_500mg,ITMN_6764XV, 16:00:00,40,10/8/20
"Takahashi, Vivian",S61815535O,Metformin_500mg,ITMN_6764XV, 14:00:00,40,10/8/20
"Berg, Christine",S14023814B,Metformin_500mg,ITMN_6764XV, 09:00:00,40,10/8/20
"Fox, Lisa",S73915076K,Metformin_500mg,ITMN_6764XV, 15:30:00,200,10/9/20
"Plum, Menoog",S49927514J,Metformin_500mg,ITMN_6764XV, 14:45:00,30,10/9/20
"Desseaux, Christine",S20909370C,Metformin_500mg,ITMN_6764XV, 13:45:00,30,10/11/20
"Lubthisophon, Kevin",S36173664D,Metformin_500mg,ITMN_6764XV, 11:45:00,200,10/11/20
"Quinn, Vincent",S94093723A,Metformin_500mg,ITMN_6764XV, 13:45:00,30,10/11/20
"Ros, Rebecca",S93394226Y,Metformin_500mg,ITMN_6764XV, 15:45:00,30,10/12/20
"Kumagai, Shannon",S06570058Q,Metformin_500mg,ITMN_6764XV, 09:15:00,100,10/12/20
"Doung, Kyle",S85430951K,Metformin_500mg,ITMN_6764XV, 14:30:00,200,10/12/20
"Konishi, Sarah",S66180642K,Metformin_500mg,ITMN_6764XV, 15:15:00,100,10/13/20
"Bonthron, Jelani",S57220423P,Metformin_500mg,ITMN_6764XV, 14:00:00,40,10/13/20
"Lam, Stephanie",S81583094W,Metformin_500mg,ITMN_6764XV, 09:45:00,100,10/14/20
"Chen, Eun",S13571469M,Metformin_500mg,ITMN_6764XV, 11:30:00,50,10/14/20
"Nguyen, Ireland",S28200804Z,Metformin_500mg,ITMN_6764XV, 16:15:00,100,10/15/20
"Floyd, Kathy",S35082543C,Metformin_500mg,ITMN_6764XV, 10:45:00,50,10/15/20
"Thach, Timothy",S04423100X,Metformin_500mg,ITMN_6764XV, 10:30:00,200,10/17/20
"Davis, Kari",S89523486N,Metformin_500mg,ITMN_6764XV, 10:45:00,200,10/17/20
"Uyeda, Tyler",S13944896E,Metformin_500mg,ITMN_6764XV, 12:30:00,40,10/18/20
"Long, Huy",S61301736B,Metformin_500mg,ITMN_6764XV, 16:00:00,40,10/18/20
"Myagmarsuren, Joshua",S30108811T,Metformin_500mg,ITMN_6764XV, 12:45:00,30,10/18/20
"Gottlieb, Iris",S88408141N,Metformin_500mg,ITMN_6764XV, 12:15:00,30,10/19/20
"Huang, Phuc Danny",S78185156K,Metformin_500mg,ITMN_6764XV, 14:30:00,30,10/19/20
"Edwards-Som, Maivy",S95062998L,Metformin_500mg,ITMN_6764XV, 13:30:00,40,10/19/20
"Yamashita, Travis",S51862731B,Metformin_500mg,ITMN_6764XV, 14:00:00,30,10/19/20
"Her, Jennifer",S43460716E,Metformin_500mg,ITMN_6764XV, 13:00:00,200,10/20/20
"Nguyen, Samuel",S09935046Y,Metformin_500mg,ITMN_6764XV, 12:30:00,30,10/20/20
"Daniels, Brandon",S07160593T,Metformin_500mg,ITMN_6764XV, 09:15:00,50,10/20/20
"Ha, Arushi",S31973309O,Metformin_500mg,ITMN_6764XV, 16:30:00,30,10/20/20
"Batorgil, Jie",S70620062A,Metformin_500mg,ITMN_6764XV, 12:00:00,30,10/21/20
"Asakawa, Jennifer",S33380771F,Metformin_500mg,ITMN_6764XV, 10:00:00,30,10/21/20
"Nguyen, Rena",S87379599N,Metformin_500mg,ITMN_6764XV, 16:00:00,50,10/21/20
"Bhagria, Christine",S87903918R,Metformin_500mg,ITMN_6764XV, 12:45:00,200,10/22/20
"Murrish, Sloan",S09402249D,Metformin_500mg,ITMN_6764XV, 12:30:00,100,10/22/20
"Li, Tyler",S73639672H,Metformin_500mg,ITMN_6764XV, 14:00:00,30,10/22/20
"Jivan, Geny",S66484578W,Metformin_500mg,ITMN_6764XV, 12:00:00,200,10/23/20
"Barman, Tuyet",S48370600H,Metformin_500mg,ITMN_6764XV, 16:15:00,50,10/24/20
"Khatanbaatar, Kenny",S41920649S,Metformin_500mg,ITMN_6764XV, 10:15:00,200,10/24/20
"Sounakhene, Emily",S03864750D,Metformin_500mg,ITMN_6764XV, 10:15:00,200,10/25/20
"Tran, Hanlu",S99024798K,Metformin_500mg,ITMN_6764XV, 15:00:00,200,10/25/20
"Meng, Valetty",S13223112E,Metformin_850mg,ITMN_2578SY, 13:30:00,100,9/27/20
"Tran, Sylvia",S96705903D,Metformin_850mg,ITMN_2578SY, 14:30:00,100,9/27/20
"Le, Lucy",S73774584Z,Metformin_850mg,ITMN_2578SY, 10:30:00,40,9/27/20
"Rettig, Justin",S07523514V,Metformin_850mg,ITMN_2578SY, 15:30:00,40,9/27/20
"Nguyen, Nathan",S16878791A,Metformin_850mg,ITMN_2578SY, 14:45:00,50,9/28/20
"Pan, Irfan",S55495048T,Metformin_850mg,ITMN_2578SY, 10:45:00,40,9/28/20
"Doan, Allie",S34236193K,Metformin_850mg,ITMN_2578SY, 10:15:00,40,9/28/20
"Vang, Andrew",S46447012X,Metformin_850mg,ITMN_2578SY, 14:30:00,40,9/29/20
"Teeter, Shalil",S82765765I,Metformin_850mg,ITMN_2578SY, 14:30:00,30,9/29/20
"Prout, Rose",S77571186D,Metformin_850mg,ITMN_2578SY, 12:00:00,100,9/30/20
"Bhat, Daniel",S41154105N,Metformin_850mg,ITMN_2578SY, 13:15:00,100,9/30/20
"Gurung, Angelique",S92096030T,Metformin_850mg,ITMN_2578SY, 09:00:00,40,9/30/20
"Khanna, Alexander",S93748094S,Metformin_850mg,ITMN_2578SY, 11:30:00,100,9/30/20
"Ellison, Lariza",S93321999B,Metformin_850mg,ITMN_2578SY, 09:00:00,50,10/1/20
"Nudell, Lianne",S12842143D,Metformin_850mg,ITMN_2578SY, 12:00:00,30,10/1/20
"Vargas, Kendra",S31042277Q,Metformin_850mg,ITMN_2578SY, 16:45:00,100,10/2/20
"O'Connor, Andrew",S13500021V,Metformin_850mg,ITMN_2578SY, 10:30:00,100,10/2/20
"Nobrega, Serena",S40049696P,Metformin_850mg,ITMN_2578SY, 14:45:00,200,10/2/20
"Nghiem, Madison",S78332841D,Metformin_850mg,ITMN_2578SY, 10:15:00,200,10/3/20
"Shin, Tiffany",S71046548N,Metformin_850mg,ITMN_2578SY, 14:30:00,30,10/3/20
"Thompson, Kevin",S77625910D,Metformin_850mg,ITMN_2578SY, 16:00:00,50,10/3/20
"Mcredmond, Meera",S69840006N,Metformin_850mg,ITMN_2578SY, 16:15:00,100,10/3/20
"Pohl, Cybill",S02371265L,Metformin_850mg,ITMN_2578SY, 10:15:00,50,10/3/20
"Li, Emma",S33209611C,Metformin_850mg,ITMN_2578SY, 14:45:00,50,10/4/20
"Josiah, Shannon",S50732052R,Metformin_850mg,ITMN_2578SY, 09:30:00,50,10/4/20
"Pasupuleti, Kristen",S75885174A,Metformin_850mg,ITMN_2578SY, 13:45:00,200,10/5/20
"Gustafson, Kya",S33710774T,Metformin_850mg,ITMN_2578SY, 15:45:00,100,10/6/20
"Lor, Aimee",S30947949U,Metformin_850mg,ITMN_2578SY, 12:15:00,40,10/7/20
"Joh, Ji Young",S25802001G,Metformin_850mg,ITMN_2578SY, 09:00:00,50,10/7/20
"Ponce, Aimee",S35293921J,Metformin_850mg,ITMN_2578SY, 11:30:00,40,10/7/20
"Tekumalla, Sandy",S21399002P,Metformin_850mg,ITMN_2578SY, 13:30:00,50,10/7/20
"Matau, Abigail",S14898075R,Metformin_850mg,ITMN_2578SY, 11:45:00,40,10/7/20
"Kim, Jayratna",S21596301D,Metformin_850mg,ITMN_2578SY, 14:45:00,30,10/7/20
"Louie, Sara",S58848784U,Metformin_850mg,ITMN_2578SY, 10:45:00,30,10/8/20
"Loi, Solomon",S29249281E,Metformin_850mg,ITMN_2578SY, 14:45:00,200,10/8/20
"Chen, Shina",S73331831W,Metformin_850mg,ITMN_2578SY, 10:15:00,100,10/9/20
"Kraiger, Rianna",S58838428G,Metformin_850mg,ITMN_2578SY, 13:30:00,40,10/10/20
"Hanophy, Shauntel",S13728841M,Metformin_850mg,ITMN_2578SY, 14:30:00,40,10/11/20
"Nadiadi, Kyle",S50440488V,Metformin_850mg,ITMN_2578SY, 11:45:00,200,10/12/20
"Reyes, Beth",S60076641N,Metformin_850mg,ITMN_2578SY, 15:30:00,40,10/13/20
"Marlow, Rachel",S39810989B,Metformin_850mg,ITMN_2578SY, 09:15:00,30,10/13/20
"Stahuljak, Alexander",S73609526X,Metformin_850mg,ITMN_2578SY, 11:45:00,100,10/13/20
"Ki, Molly",S57307149J,Metformin_850mg,ITMN_2578SY, 11:15:00,200,10/13/20
"Barchenger, Abbigelle",S81785749Q,Metformin_850mg,ITMN_2578SY, 13:00:00,40,10/15/20
"Wu, Andrew",S97946371J,Metformin_850mg,ITMN_2578SY, 11:30:00,50,10/15/20
"Park, Meng",S97106234U,Metformin_850mg,ITMN_2578SY, 09:00:00,50,10/15/20
"Pickering, Odom",S98966892P,Metformin_850mg,ITMN_2578SY, 14:00:00,50,10/16/20
"Liu, Drew",S00602865M,Metformin_850mg,ITMN_2578SY, 13:15:00,40,10/16/20
"Low, Benazir",S02240840F,Metformin_850mg,ITMN_2578SY, 15:45:00,100,10/17/20
"Persaud, Mai",S32234690K,Metformin_850mg,ITMN_2578SY, 15:00:00,30,10/18/20
"Konishi, Kedar",S71856107V,Metformin_850mg,ITMN_2578SY, 09:00:00,40,10/18/20
"Osincup, Alexandra",S48629685X,Metformin_850mg,ITMN_2578SY, 13:30:00,50,10/19/20
"Kim, Wesley",S50634819F,Metformin_850mg,ITMN_2578SY, 14:45:00,100,10/20/20
"Belen, Ronny",S87860483I,Metformin_850mg,ITMN_2578SY, 09:00:00,50,10/20/20
"Tran, Linh",S16927949E,Metformin_850mg,ITMN_2578SY, 14:45:00,200,10/20/20
"Tran, Kalara",S46973615N,Metformin_850mg,ITMN_2578SY, 15:30:00,200,10/21/20
"Nguyen, Bich Tram",S69021558U,Metformin_850mg,ITMN_2578SY, 13:00:00,100,10/21/20
"Reynolds, Nazareth",S06556119D,Metformin_850mg,ITMN_2578SY, 15:30:00,200,10/22/20
"Nguyen, Maia",S47092905Y,Metformin_850mg,ITMN_2578SY, 09:15:00,40,10/23/20
"Rudman, Hideo",S75935570X,Metformin_850mg,ITMN_2578SY, 16:00:00,30,10/23/20
"Fisher, Tin",S18950320X,Metformin_850mg,ITMN_2578SY, 10:15:00,30,10/24/20
"Wang, Pamela",S63593032F,Metformin_850mg,ITMN_2578SY, 10:45:00,30,10/24/20
"Chau, Ishika",S84939015I,Metformin_850mg,ITMN_2578SY, 12:30:00,100,10/25/20
"Tagawa, Kitana",S05480048A,Metformin_850mg,ITMN_2578SY, 11:00:00,200,10/25/20
"Zhao, Samuel",S79988792H,Metformin_850mg,ITMN_2578SY, 15:45:00,30,10/26/20
"Luong, Micah",S88576134N,Metformin_850mg,ITMN_2578SY, 09:00:00,50,9/27/20
"Rhodes, Zeavennia",S53195080H,Metformin_850mg,ITMN_2578SY, 09:15:00,50,9/28/20
"Fujinami, Michelle",S11172886A,Metformin_850mg,ITMN_2578SY, 12:45:00,40,9/28/20
"Ho, Kenta",S74862406H,Metformin_850mg,ITMN_2578SY, 10:15:00,50,9/29/20
"Aashiq, Parose",S67984984F,Metformin_850mg,ITMN_2578SY, 13:00:00,30,9/29/20
"Murad, Jahangeer",S84589193U,Metformin_850mg,ITMN_2578SY, 14:45:00,40,9/29/20
"Massel, Johnson",S19728290F,Metformin_850mg,ITMN_2578SY, 13:45:00,30,9/29/20
"Lee, Blia",S03718126A,Metformin_850mg,ITMN_2578SY, 13:00:00,30,9/29/20
"Ono, Hannah",S48735860T,Metformin_850mg,ITMN_2578SY, 14:15:00,200,9/29/20
"Ostrow, Savannah",S16197919R,Metformin_850mg,ITMN_2578SY, 15:30:00,30,9/30/20
"Lewien, Arriane Julia",S62505681C,Metformin_850mg,ITMN_2578SY, 10:00:00,50,10/1/20
"Wong, Sheila",S06229858Y,Metformin_850mg,ITMN_2578SY, 11:30:00,40,10/1/20
"Yoo, Michelle",S44168657G,Metformin_850mg,ITMN_2578SY, 14:30:00,40,10/1/20
"Lamb, Victoria",S34310384O,Metformin_850mg,ITMN_2578SY, 09:30:00,200,10/1/20
"Nguyen, Esther",S29233955Z,Metformin_850mg,ITMN_2578SY, 15:45:00,50,10/2/20
"Lim, Ushma",S39411949J,Metformin_850mg,ITMN_2578SY, 14:30:00,30,10/3/20
"Huang, Jon",S53975500R,Metformin_850mg,ITMN_2578SY, 16:45:00,50,10/3/20
"Nunez, Dianna",S12814879H,Metformin_850mg,ITMN_2578SY, 12:15:00,40,10/3/20
"Sun, Kevin",S25018802J,Metformin_850mg,ITMN_2578SY, 15:45:00,30,10/4/20
"Sosenginh, Elsa",S10843154U,Metformin_850mg,ITMN_2578SY, 16:30:00,50,10/4/20
"Vo, Dillon",S03430681A,Metformin_850mg,ITMN_2578SY, 11:45:00,50,10/4/20
"Mcculley, Christian",S79507617L,Metformin_850mg,ITMN_2578SY, 12:00:00,50,10/5/20
"Anderson, Vang",S39428465G,Metformin_850mg,ITMN_2578SY, 12:30:00,200,10/5/20
"Deyoung, Alexandra",S57331768Y,Metformin_850mg,ITMN_2578SY, 13:00:00,50,10/5/20
"Gilbert, Tian",S09188843K,Metformin_850mg,ITMN_2578SY, 15:45:00,50,10/6/20
"Sengco, Andrea",S04708911C,Metformin_850mg,ITMN_2578SY, 15:00:00,100,10/8/20
"Gul, Joshua",S46757340K,Metformin_850mg,ITMN_2578SY, 12:15:00,30,10/10/20
"Sharp, Kevin",S36259382Y,Metformin_850mg,ITMN_2578SY, 10:45:00,100,10/10/20
"Lam, Loini",S16106532C,Metformin_850mg,ITMN_2578SY, 09:15:00,200,10/11/20
"Le, Lucy",S73774584Z,Metformin_850mg,ITMN_2578SY, 12:00:00,30,10/11/20
"Parent, Joseph",S23192516D,Metformin_850mg,ITMN_2578SY, 16:45:00,100,10/11/20
"Moon, Dana",S53093760U,Metformin_850mg,ITMN_2578SY, 10:30:00,50,10/12/20
"Mercado, Pakou",S58170201E,Metformin_850mg,ITMN_2578SY, 15:30:00,30,10/12/20
"Choi, Daniel",S78577353V,Metformin_850mg,ITMN_2578SY, 09:00:00,200,10/12/20
"Ham, Gouthue",S25368459Q,Metformin_850mg,ITMN_2578SY, 12:45:00,200,10/12/20
"Kaul, Mariah",S57542338M,Metformin_850mg,ITMN_2578SY, 15:45:00,100,10/12/20
"Du, Nicholas",S32630412X,Metformin_850mg,ITMN_2578SY, 13:45:00,50,10/13/20
"Fukui, Cheyenne",S94120706R,Metformin_850mg,ITMN_2578SY, 15:00:00,100,10/13/20
"Yang, Rachel",S32586994Y,Metformin_850mg,ITMN_2578SY, 11:15:00,30,10/13/20
"Islam, Yoonseo Rachael",S02994015F,Metformin_850mg,ITMN_2578SY, 13:45:00,30,10/13/20
"Merrill, Sean",S48135813F,Metformin_850mg,ITMN_2578SY, 11:15:00,100,10/16/20
"Lind, Mackenzie",S39161852U,Metformin_850mg,ITMN_2578SY, 09:15:00,100,10/17/20
"Niko, Jonathan",S82941707V,Metformin_850mg,ITMN_2578SY, 14:45:00,40,10/18/20
"Kim, Jedidiah",S89394101I,Metformin_850mg,ITMN_2578SY, 09:45:00,50,10/18/20
"Abenes, Kaylee",S94133700O,Metformin_850mg,ITMN_2578SY, 15:00:00,40,10/19/20
"Berve, Anthony",S12811218J,Metformin_850mg,ITMN_2578SY, 11:15:00,50,10/19/20
"Schnicker, Samantha",S36670538Y,Metformin_850mg,ITMN_2578SY, 15:30:00,30,10/19/20
"Le, Mariah",S20647110O,Metformin_850mg,ITMN_2578SY, 09:15:00,100,10/20/20
"Paudel, Krishnan",S03242317N,Metformin_850mg,ITMN_2578SY, 10:30:00,40,10/21/20
"Sato, Ji",S54258667Q,Metformin_850mg,ITMN_2578SY, 12:45:00,50,10/21/20
"Kang, Talon",S21481189B,Metformin_850mg,ITMN_2578SY, 13:15:00,30,10/21/20
"Rincon, Daniel",S46429112H,Metformin_850mg,ITMN_2578SY, 10:15:00,50,10/22/20
"Tang, Pichest",S15864271L,Metformin_850mg,ITMN_2578SY, 15:30:00,30,10/23/20
"Karsanbhai, Uday",S26561162M,Metformin_850mg,ITMN_2578SY, 10:30:00,200,10/24/20
"Kwan, Sherreelynn",S93735296U,Metformin_850mg,ITMN_2578SY, 15:00:00,200,10/24/20
"Gopalakrishnan, Alex",S99809562G,Metformin_850mg,ITMN_2578SY, 09:00:00,50,10/24/20
"Lutter, Austin",S38588511X,Metformin_850mg,ITMN_2578SY, 16:15:00,40,10/25/20
"Del Rosario, Tyler",S43568584C,Metformin_850mg,ITMN_2578SY, 09:30:00,50,10/25/20
"Kagiyama, Julia",S03669430Z,Metformin_850mg,ITMN_2578SY, 14:45:00,200,10/25/20
"Chen, Shishan",S67174710K,Metformin_850mg,ITMN_2578SY, 13:30:00,200,10/26/20
"Nelson, Yu Sung",S98883806H,Metformin_850mg,ITMN_2578SY, 09:30:00,50,10/26/20
"Kennedy, Hyuk",S31422994E,Metformin_850mg,ITMN_2578SY, 15:30:00,50,10/26/20
"Moore, Joon Ho",S57173240Z,Metformin_850mg,ITMN_2578SY, 10:45:00,50,10/26/20
"Lee, Maura",S68497019Y,Metformin_850mg,ITMN_2578SY, 13:30:00,200,10/26/20
"Moua, Christopher",S76883614H,Paracetamol_500mg,ITMN_8191YL, 13:30:00,50,9/27/20
"Pham, Pamela",S80485155E,Paracetamol_500mg,ITMN_8191YL, 15:00:00,30,9/28/20
"Hasegawa, Joan",S05327213S,Paracetamol_500mg,ITMN_8191YL, 13:30:00,40,9/28/20
"Mow, Christine",S82529152K,Paracetamol_500mg,ITMN_8191YL, 11:00:00,100,9/29/20
"Pham, Keosomalee",S14841142F,Paracetamol_500mg,ITMN_8191YL, 15:45:00,200,9/29/20
"Khan, Sierra",S95138659S,Paracetamol_500mg,ITMN_8191YL, 15:30:00,30,9/29/20
"Matthews, Dhipthika",S19056955D,Paracetamol_500mg,ITMN_8191YL, 15:45:00,50,9/30/20
"Dhanani, Kimphone",S18112206A,Paracetamol_500mg,ITMN_8191YL, 10:00:00,50,10/1/20
"Hoffmann, Angelika",S36797270Y,Paracetamol_500mg,ITMN_8191YL, 16:45:00,30,10/1/20
"Simmons, Ariunchimeg",S41741336R,Paracetamol_500mg,ITMN_8191YL, 16:30:00,100,10/2/20
"Xie, Michael",S57831457T,Paracetamol_500mg,ITMN_8191YL, 15:00:00,30,10/3/20
"Dave, Jason",S73889536T,Paracetamol_500mg,ITMN_8191YL, 10:45:00,200,10/4/20
"Geraldo, Erik",S34434340Q,Paracetamol_500mg,ITMN_8191YL, 09:00:00,30,10/4/20
"Pruet, Heres",S06820613W,Paracetamol_500mg,ITMN_8191YL, 12:30:00,200,10/5/20
"Kumagai, Vivian",S84701303D,Paracetamol_500mg,ITMN_8191YL, 12:45:00,100,10/6/20
"Grainda, Daniel",S91259302G,Paracetamol_500mg,ITMN_8191YL, 12:45:00,100,10/8/20
"April, Hazel Joy",S95613610X,Paracetamol_500mg,ITMN_8191YL, 14:30:00,30,10/8/20
"Odollil, Mark",S83361582Y,Paracetamol_500mg,ITMN_8191YL, 11:30:00,200,10/9/20
"Aofia, Ishmam",S22352054D,Paracetamol_500mg,ITMN_8191YL, 14:15:00,200,10/9/20
"Kim, Annika",S59221834R,Paracetamol_500mg,ITMN_8191YL, 11:15:00,200,10/9/20
"Rincon, Raj",S10017211G,Paracetamol_500mg,ITMN_8191YL, 12:30:00,100,10/10/20
"Zapel, Lili",S05215018C,Paracetamol_500mg,ITMN_8191YL, 15:45:00,100,10/10/20
"Hishinuma, Tenzin",S55864177U,Paracetamol_500mg,ITMN_8191YL, 09:45:00,50,10/11/20
"Piscopio, Mathew",S65826199T,Paracetamol_500mg,ITMN_8191YL, 15:00:00,40,10/11/20
"John, Joan",S28849736M,Paracetamol_500mg,ITMN_8191YL, 10:30:00,100,10/12/20
"D'Rosario, Erin",S53242911O,Paracetamol_500mg,ITMN_8191YL, 12:00:00,40,10/12/20
"Olsen, Kyle",S18697664H,Paracetamol_500mg,ITMN_8191YL, 10:00:00,200,10/12/20
"Adolpho, Rachel",S63017551E,Paracetamol_500mg,ITMN_8191YL, 15:30:00,100,10/12/20
"Kodama, Jessica",S94805989K,Paracetamol_500mg,ITMN_8191YL, 15:15:00,30,10/13/20
"Patel, Dimas",S71983375Q,Paracetamol_500mg,ITMN_8191YL, 14:15:00,100,10/13/20
"Mistry, Mark",S31597770U,Paracetamol_500mg,ITMN_8191YL, 13:45:00,100,10/14/20
"Nguyen, Donovan",S80034024W,Paracetamol_500mg,ITMN_8191YL, 09:30:00,200,10/15/20
"Bathija, Sherry",S29053200Y,Paracetamol_500mg,ITMN_8191YL, 15:45:00,200,10/15/20
"Wiersma, Amy",S89095081J,Paracetamol_500mg,ITMN_8191YL, 12:30:00,50,10/16/20
"Vang, Matthew",S28902027W,Paracetamol_500mg,ITMN_8191YL, 13:15:00,30,10/16/20
"Le, Brian",S87389953J,Paracetamol_500mg,ITMN_8191YL, 14:45:00,30,10/16/20
"Ramsey-White, Hyun Keun",S22746058Q,Paracetamol_500mg,ITMN_8191YL, 15:45:00,30,10/17/20
"Ello, Noah",S67730376E,Paracetamol_500mg,ITMN_8191YL, 15:30:00,50,10/17/20
"Huang, Aubreylin",S18950122X,Paracetamol_500mg,ITMN_8191YL, 10:45:00,50,10/17/20
"Holeso, Young In",S11198957E,Paracetamol_500mg,ITMN_8191YL, 09:45:00,50,10/17/20
"Williams, Angelina",S97224806Z,Paracetamol_500mg,ITMN_8191YL, 13:30:00,30,10/18/20
"Mameda, Bunnee",S13850720J,Paracetamol_500mg,ITMN_8191YL, 12:30:00,50,10/18/20
"Prark, Kyoung Min",S79314566W,Paracetamol_500mg,ITMN_8191YL, 16:45:00,30,10/19/20
"Thompson, Trae",S22936389U,Paracetamol_500mg,ITMN_8191YL, 12:45:00,200,10/20/20
"Rojanaphong, Lisa",S27271539A,Paracetamol_500mg,ITMN_8191YL, 11:00:00,200,10/20/20
"Joh, Ji Young",S25802001G,Paracetamol_500mg,ITMN_8191YL, 15:00:00,50,10/20/20
"Salle II, Linda",S18677329J,Paracetamol_500mg,ITMN_8191YL, 14:45:00,30,10/20/20
"Yoo, Esther",S95129195C,Paracetamol_500mg,ITMN_8191YL, 12:15:00,100,10/21/20
"Khan, Ian",S02191293G,Paracetamol_500mg,ITMN_8191YL, 16:30:00,50,10/22/20
"Truong, Hoc",S45397144U,Paracetamol_500mg,ITMN_8191YL, 10:30:00,50,10/22/20
"Yang, Tiffany",S60902900G,Paracetamol_500mg,ITMN_8191YL, 11:30:00,50,10/22/20
"Campbell, Ashay",S30147607Y,Paracetamol_500mg,ITMN_8191YL, 13:45:00,50,10/22/20
"Soh, Julianna",S92830222W,Paracetamol_500mg,ITMN_8191YL, 14:45:00,30,10/24/20
"Huynh, Sounkhone",S11570374K,Paracetamol_500mg,ITMN_8191YL, 11:15:00,100,10/24/20
"Ho, Chann",S75947509T,Paracetamol_500mg,ITMN_8191YL, 09:45:00,40,10/24/20
"Phantharangsy, Komijen",S12406519R,Paracetamol_500mg,ITMN_8191YL, 09:30:00,30,10/24/20
"Wong, Serena",S60345116J,Paracetamol_500mg,ITMN_8191YL, 11:00:00,30,10/25/20
"Hoffman, Jonathan",S20521785I,Paracetamol_500mg,ITMN_8191YL, 11:45:00,50,10/26/20
"Elliott, Leslie",S33664475O,Paracetamol_500mg,ITMN_8191YL, 13:00:00,200,10/26/20
"Diep, Adam",S46843865U,Paracetamol_500mg,ITMN_8191YL, 11:45:00,100,10/26/20
"Tran, Kathy",S27026083S,Paracetamol_500mg,ITMN_8191YL, 16:30:00,40,10/26/20
"Willcutt, Valerie",S05522221U,Paracetamol_500mg,ITMN_8191YL, 09:15:00,200,10/26/20
"Lee, Eeland",S72613160W,Paracetamol_500mg,ITMN_8191YL, 09:30:00,200,9/27/20
"Lee, Austen",S86701419R,Paracetamol_500mg,ITMN_8191YL, 12:30:00,50,9/27/20
"Kim, Bradley",S90142125I,Paracetamol_500mg,ITMN_8191YL, 15:45:00,100,9/27/20
"Daniels, Yuri",S02487436S,Paracetamol_500mg,ITMN_8191YL, 09:30:00,100,9/28/20
"Sherap, Murphy",S19771744P,Paracetamol_500mg,ITMN_8191YL, 15:30:00,100,9/28/20
"Padua, Tony",S08921309C,Paracetamol_500mg,ITMN_8191YL, 14:00:00,50,9/29/20
"Duncan, Thu",S04220392L,Paracetamol_500mg,ITMN_8191YL, 15:15:00,30,9/30/20
"Nguyen, Soham",S38693077J,Paracetamol_500mg,ITMN_8191YL, 11:00:00,40,10/1/20
"Sun, Shirley",S56635554Q,Paracetamol_500mg,ITMN_8191YL, 15:15:00,100,10/1/20
"Ichihara, Sabrina",S75171152L,Paracetamol_500mg,ITMN_8191YL, 16:30:00,30,10/3/20
"Cheema, Randa",S89547297T,Paracetamol_500mg,ITMN_8191YL, 15:30:00,30,10/3/20
"Malabanan, Amrita",S71365137R,Paracetamol_500mg,ITMN_8191YL, 11:15:00,200,10/3/20
"Adhikari, Nicole",S22497791Z,Paracetamol_500mg,ITMN_8191YL, 10:45:00,30,10/4/20
"Wu, Ivana Katerina",S48087082X,Paracetamol_500mg,ITMN_8191YL, 14:45:00,50,10/4/20
"Patel, Nikola",S38882749F,Paracetamol_500mg,ITMN_8191YL, 11:30:00,100,10/5/20
"Powell, Krutika",S17030465L,Paracetamol_500mg,ITMN_8191YL, 16:30:00,50,10/5/20
"Deguzman, Christopher",S62288766U,Paracetamol_500mg,ITMN_8191YL, 13:15:00,30,10/6/20
"Xiong, Melissa",S59805220O,Paracetamol_500mg,ITMN_8191YL, 15:15:00,50,10/6/20
"Mallikarjun, Colin",S94718801M,Paracetamol_500mg,ITMN_8191YL, 16:30:00,40,10/7/20
"Samate, Omer",S75624780V,Paracetamol_500mg,ITMN_8191YL, 15:15:00,100,10/8/20
"Khat, Maxwell",S72923099P,Paracetamol_500mg,ITMN_8191YL, 14:00:00,200,10/8/20
"Khuu, Elijah",S79301810U,Paracetamol_500mg,ITMN_8191YL, 11:00:00,30,10/9/20
"Fairchild, Carter",S09297288B,Paracetamol_500mg,ITMN_8191YL, 15:15:00,30,10/12/20
"Hanna, Ishika",S36615692N,Paracetamol_500mg,ITMN_8191YL, 09:45:00,50,10/12/20
"Sabio, Brianna",S48023523Z,Paracetamol_500mg,ITMN_8191YL, 13:45:00,200,10/12/20
"Pohl, Chanthany",S37450683M,Paracetamol_500mg,ITMN_8191YL, 09:45:00,50,10/13/20
"Hoang, Iona",S44788996C,Paracetamol_500mg,ITMN_8191YL, 13:45:00,200,10/14/20
"Hom, Sarah",S38868929O,Paracetamol_500mg,ITMN_8191YL, 13:30:00,100,10/14/20
"Amarbayasgalan, James",S02940589E,Paracetamol_500mg,ITMN_8191YL, 11:00:00,50,10/14/20
"Le, Hyun Seok",S33118482W,Paracetamol_500mg,ITMN_8191YL, 12:30:00,50,10/14/20
"Sabido, Matthew",S23758416W,Paracetamol_500mg,ITMN_8191YL, 13:00:00,30,10/15/20
"Ali, Jerry",S87327974W,Paracetamol_500mg,ITMN_8191YL, 15:45:00,50,10/15/20
"Sirichantho, Wei",S84469850O,Paracetamol_500mg,ITMN_8191YL, 11:45:00,50,10/15/20
"Wu, Courtney",S10924156K,Paracetamol_500mg,ITMN_8191YL, 15:45:00,50,10/15/20
"Sam, Rajiv",S50466524H,Paracetamol_500mg,ITMN_8191YL, 12:00:00,100,10/16/20
"Tran, Ian",S92715500V,Paracetamol_500mg,ITMN_8191YL, 12:15:00,30,10/16/20
"Dizon, Steven",S74710980Y,Paracetamol_500mg,ITMN_8191YL, 11:45:00,100,10/16/20
"Visee, Johnny",S25218168S,Paracetamol_500mg,ITMN_8191YL, 15:15:00,30,10/16/20
"Domingo Jr, Se Ra",S57284649L,Paracetamol_500mg,ITMN_8191YL, 11:45:00,40,10/17/20
"Moore, Sterling",S14303322B,Paracetamol_500mg,ITMN_8191YL, 12:45:00,200,10/17/20
"Chung, Akash",S90373866J,Paracetamol_500mg,ITMN_8191YL, 12:00:00,200,10/18/20
"Truong, Westin",S46103254C,Paracetamol_500mg,ITMN_8191YL, 16:45:00,40,10/19/20
"Talain, Edward",S45211717Q,Paracetamol_500mg,ITMN_8191YL, 14:45:00,40,10/20/20
"Moua, Chimedlkham",S18391682X,Paracetamol_500mg,ITMN_8191YL, 13:00:00,200,10/22/20
"Wang, Masooma",S75578147W,Paracetamol_500mg,ITMN_8191YL, 12:30:00,40,10/22/20
"Kaiwi, Chanratana",S28081065D,Paracetamol_500mg,ITMN_8191YL, 09:00:00,50,10/23/20
"Esquivel, Natasha",S87244015G,Paracetamol_500mg,ITMN_8191YL, 14:00:00,200,10/24/20
"Vea, Khashayar",S16127592G,Paracetamol_500mg,ITMN_8191YL, 13:30:00,30,10/24/20
"Leslie, Adrienne",S08951341I,Paracetamol_500mg,ITMN_8191YL, 11:45:00,30,10/24/20
"Oh, Megan",S62014925K,Paracetamol_500mg,ITMN_8191YL, 13:30:00,40,10/25/20