Name,NRIC,medications,item_code,quantity,Date
"Low, Kevin",S78489806L,Doxycycline_100mg,ITMN_7836AV,40,2020-08-13
"Trojahn, Thomas",S88128104P,Atenolol_50mg,ITMN_9249ZD,40,2020-08-13
"Yeh, Christine",S31829619E,Doxycycline_100mg,ITMN_7836AV,200,2020-08-13
"Ngu, Sara",S11719742Y,Metformin_500mg,ITMN_7167LS,200,2020-08-13
"Han, Rafiullah",S21200504D,Atenolol_50mg,ITMN_9249ZD,100,2020-08-13
"Camagong, Gia",S15183415M,Doxycycline_100mg,ITMN_7836AV,200,2020-08-13
"San, Marcus",S17011550D,Metformin_500mg,ITMN_7167LS,200,2020-08-13
"Parran, Emma",S74474192Q,Atenolol_50mg,ITMN_9249ZD,40,2020-08-13
"Lebold, Dominick",S05333977X,Metformin_850mg,ITMN_4591ZY,100,2020-08-13
"Boyd, Diksha",S66919908T,Amlodipine_5mg,ITMN_9928QN,200,2020-08-13
"Causey, Thu",S53031240U,Metformin_500mg,ITMN_7167LS,50,2020-08-13
"Ignacio, Erin",S71199074A,Amlodipine_5mg,ITMN_9928QN,200,2020-08-14
"Kovacs, Leah",S31293270E,Atenolol_50mg,ITMN_9249ZD,50,2020-08-14
"Phan, Ana",S07236802S,Atenolol_50mg,ITMN_9249ZD,30,2020-08-14
"Macasinag, Qimin",S76407306D,Metformin_850mg,ITMN_4591ZY,30,2020-08-14
"Zhen, Donny",S16132801Y,Doxycycline_100mg,ITMN_7836AV,100,2020-08-14
"Dai, Patrick",S78211431N,Atenolol_50mg,ITMN_9249ZD,100,2020-08-14
"Huynh, Kristina",S34512818O,Atenolol_50mg,ITMN_9249ZD,30,2020-08-14
"Freeland, Lucas",S72107436D,Doxycycline_100mg,ITMN_7836AV,40,2020-08-14
"Chambers, Leilani",S06737884C,Metformin_500mg,ITMN_7167LS,100,2020-08-14
"Slevin Dotson, Blia",S34665633B,Atenolol_50mg,ITMN_9249ZD,40,2020-08-15
"Spencer, Johnny",S76407306D,Atenolol_50mg,ITMN_9249ZD,40,2020-08-15
"Shankar, Anthony",S80289050G,Metformin_500mg,ITMN_7167LS,200,2020-08-15
"Hermawan, Ameilia",S15045521S,Metformin_500mg,ITMN_7167LS,50,2020-08-15
"Lim, Purushka",S25928315E,Amlodipine_5mg,ITMN_9928QN,200,2020-08-15
"Chen, Hyemin",S29199230W,Paracetamol_500mg,ITMN_0539LV,200,2020-08-15
"Vo, Alice",S95575154X,Metformin_500mg,ITMN_7167LS,200,2020-08-16
"Krishnan, Kelly",S44093436P,Metformin_500mg,ITMN_7167LS,50,2020-08-16
"Upadhyay, Annemarie",S58171729L,Amlodipine_5mg,ITMN_9928QN,100,2020-08-16
"Vea, Jason",S19083495Q,Amlodipine_5mg,ITMN_9928QN,30,2020-08-16
"Nguyen, Justin",S31960355O,Paracetamol_500mg,ITMN_0539LV,50,2020-08-16
"Chung, Antionette",S55008585I,Atenolol_50mg,ITMN_9249ZD,200,2020-08-16
"Jun, Laura",S25666299S,Metformin_850mg,ITMN_4591ZY,30,2020-08-16
"Prout, Davis",S25666299S,Metformin_500mg,ITMN_7167LS,30,2020-08-16
"Le, Filipe",S31862478C,Atenolol_50mg,ITMN_9249ZD,50,2020-08-16
"Kim, Calvin",S06737884C,Metformin_850mg,ITMN_4591ZY,200,2020-08-17
"Zarcula, Michael",S44360483V,Metformin_850mg,ITMN_4591ZY,200,2020-08-17
"Inai, Matthew",S80665821E,Paracetamol_500mg,ITMN_0539LV,100,2020-08-17
"Quilon, Brendon",S01081087N,Metformin_500mg,ITMN_7167LS,50,2020-08-17
"Kaneko, Christine",S21878024I,Metformin_850mg,ITMN_4591ZY,100,2020-08-17
"Gonzales, Rohan",S81309896D,Doxycycline_100mg,ITMN_7836AV,200,2020-08-17
"Rojas, Joseph",S91519727J,Paracetamol_500mg,ITMN_0539LV,30,2020-08-17
"Scheie, Emily",S81998589O,Paracetamol_500mg,ITMN_0539LV,50,2020-08-17
"Ayyanar, Erik",S31829619E,Metformin_500mg,ITMN_7167LS,30,2020-08-17
"Niko, Christine",S96042695D,Paracetamol_500mg,ITMN_0539LV,50,2020-08-18
"Lor, Beau",S99317428D,Metformin_500mg,ITMN_7167LS,30,2020-08-18
"Banerjee, Gautham",S11716686W,Metformin_850mg,ITMN_4591ZY,200,2020-08-18
"Song, Arriane Julia",S92464019Y,Atenolol_50mg,ITMN_9249ZD,30,2020-08-18
"Yee, Hoangcung",S71538775M,Metformin_850mg,ITMN_4591ZY,50,2020-08-18
"Goodell, Kayla",S82385662P,Metformin_850mg,ITMN_4591ZY,30,2020-08-18
"Ling, Alexander",S87877917Y,Paracetamol_500mg,ITMN_0539LV,30,2020-08-18
"Lee, Apiluck",S20239946X,Metformin_500mg,ITMN_7167LS,100,2020-08-18
"Bergen, Brandon",S87681321O,Paracetamol_500mg,ITMN_0539LV,40,2020-08-19
"Luftig, Joseph",S60816793N,Atenolol_50mg,ITMN_9249ZD,50,2020-08-19
"Zeng, Emily",S31862478C,Paracetamol_500mg,ITMN_0539LV,30,2020-08-19
"Ahsan, William",S60816793N,Paracetamol_500mg,ITMN_0539LV,30,2020-08-19
"Jeon, Isaiah",S90479791I,Metformin_500mg,ITMN_7167LS,50,2020-08-19
"Zou, Jenny",S91608670O,Paracetamol_500mg,ITMN_0539LV,200,2020-08-19
"Lau, Isabella",S15615568N,Doxycycline_100mg,ITMN_7836AV,40,2020-08-19
"Sharma, Nancy",S83856045D,Paracetamol_500mg,ITMN_0539LV,40,2020-08-19
"Pham, Hyun Soo",S09151216C,Amlodipine_5mg,ITMN_9928QN,100,2020-08-20
"Nguyen, Jazmyn",S20270764I,Metformin_850mg,ITMN_4591ZY,40,2020-08-20
"Pham, Leilani",S27226454R,Doxycycline_100mg,ITMN_7836AV,200,2020-08-20
"Doan, Sharon",S65278657Z,Doxycycline_100mg,ITMN_7836AV,40,2020-08-20
"Raval, Ada",S41947088Q,Atenolol_50mg,ITMN_9249ZD,30,2020-08-20
"Mattern, Christian",S34959330M,Paracetamol_500mg,ITMN_0539LV,30,2020-08-20
"Hsu, Zheng",S31580778H,Metformin_850mg,ITMN_4591ZY,30,2020-08-20
"Shafer, Tad",S19663285X,Atenolol_50mg,ITMN_9249ZD,200,2020-08-20
"Jenkins, Desiree",S62864107C,Atenolol_50mg,ITMN_9249ZD,40,2020-08-20
"Huliganga, Kieu",S01969382M,Doxycycline_100mg,ITMN_7836AV,200,2020-08-21
"Trujillo, Jessica",S17521036E,Metformin_500mg,ITMN_7167LS,200,2020-08-21
"Chan, Ritika",S00183085V,Atenolol_50mg,ITMN_9249ZD,30,2020-08-21
"Nagai, Prisha",S27126864X,Metformin_500mg,ITMN_7167LS,100,2020-08-21
"Nguyen, Alexander",S21090856N,Metformin_850mg,ITMN_4591ZY,40,2020-08-21
"Torres, Daeun",S13264073R,Doxycycline_100mg,ITMN_7836AV,50,2020-08-21
"Kim, Jiali",S34512818O,Atenolol_50mg,ITMN_9249ZD,30,2020-08-21
"Kingrasaphone, Kinsey",S31990826M,Doxycycline_100mg,ITMN_7836AV,200,2020-08-21
"Oh, Ryan",S77797457Y,Amlodipine_5mg,ITMN_9928QN,100,2020-08-21
"Freeman, Lesley",S03825195V,Amlodipine_5mg,ITMN_9928QN,40,2020-08-22
"Ng, Edna",S14910153O,Metformin_850mg,ITMN_4591ZY,50,2020-08-22
"Vongphackdy, Kevin",S89222111S,Metformin_850mg,ITMN_4591ZY,200,2020-08-22
"Pham, Ganbayar",S69038237A,Amlodipine_5mg,ITMN_9928QN,40,2020-08-22
"Tran, Abigail",S36289491P,Metformin_500mg,ITMN_7167LS,30,2020-08-22
"Yasumura, Aishwarya",S90479791I,Doxycycline_100mg,ITMN_7836AV,30,2020-08-22
"Yachai, Dylan",S32189134K,Metformin_850mg,ITMN_4591ZY,100,2020-08-22
"Shepard, Kevin",S88476799Z,Paracetamol_500mg,ITMN_0539LV,40,2020-08-22
"Chidambaram, Josefa",S59996104A,Metformin_850mg,ITMN_4591ZY,200,2020-08-22
"Kajiwara, Linh",S66860884C,Metformin_850mg,ITMN_4591ZY,200,2020-08-22
"Chukkapalli, Teal",S88198458V,Metformin_500mg,ITMN_7167LS,200,2020-08-23
"Beehler, Kevin",S27469515R,Atenolol_50mg,ITMN_9249ZD,30,2020-08-23
"Nguyen, Jennifer",S39506861Z,Metformin_850mg,ITMN_4591ZY,30,2020-08-23
"Chotinun, Rhema",S91796740A,Metformin_500mg,ITMN_7167LS,30,2020-08-24
"Lee, Siyang",S31221804I,Doxycycline_100mg,ITMN_7836AV,40,2020-08-24
"Patel, Monique",S20270764I,Doxycycline_100mg,ITMN_7836AV,50,2020-08-24
"Steinke, Meagan",S77797457Y,Amlodipine_5mg,ITMN_9928QN,30,2020-08-24
"Le, Sheila",S11530834J,Metformin_850mg,ITMN_4591ZY,200,2020-08-24
"Bui, Hanna",S21566962V,Atenolol_50mg,ITMN_9249ZD,50,2020-08-25
"Raab, Thi Mai",S78504976V,Doxycycline_100mg,ITMN_7836AV,40,2020-08-25
"Kim, Christina",S23158761W,Metformin_850mg,ITMN_4591ZY,40,2020-08-25
"Do, Megan",S94149950H,Metformin_850mg,ITMN_4591ZY,30,2020-08-25
"Chea, Cindy",S69656973K,Metformin_850mg,ITMN_4591ZY,200,2020-08-25
"Kim, Sang Kyun",S38400264L,Doxycycline_100mg,ITMN_7836AV,200,2020-08-25
"Shrestha, Yeon",S92812261Q,Metformin_850mg,ITMN_4591ZY,100,2020-08-25
"Chen, Jessica",S46492479U,Metformin_850mg,ITMN_4591ZY,30,2020-08-25
"Hoang, John",S76039235G,Metformin_850mg,ITMN_4591ZY,40,2020-08-26
"Myers, Steve",S21563190P,Metformin_500mg,ITMN_7167LS,200,2020-08-26
"Luftig, Truong",S86899032N,Atenolol_50mg,ITMN_9249ZD,200,2020-08-26
"Billingsley, Emily Olivia",S70934953Q,Doxycycline_100mg,ITMN_7836AV,30,2020-08-26
"Farley, Navya",S81686385M,Metformin_850mg,ITMN_4591ZY,50,2020-08-26
"Desseaux, Olivia",S66290239P,Doxycycline_100mg,ITMN_7836AV,50,2020-08-27
"Conklin, Scott",S35141045M,Atenolol_50mg,ITMN_9249ZD,200,2020-08-27
"Kirkwood, Lianne",S70934953Q,Metformin_500mg,ITMN_7167LS,40,2020-08-27
"Aviado, Garrett",S21090856N,Paracetamol_500mg,ITMN_0539LV,100,2020-08-27
"Aryal, Nicholas",S29565775H,Metformin_850mg,ITMN_4591ZY,50,2020-08-27
"Arellano, Hui",S73595428M,Paracetamol_500mg,ITMN_0539LV,100,2020-08-27
"Shaffer, Tyler",S39814914C,Metformin_500mg,ITMN_7167LS,50,2020-08-27
"Lor, Emily",S98164668L,Atenolol_50mg,ITMN_9249ZD,200,2020-08-27
"Jones, Tanner",S62864107C,Atenolol_50mg,ITMN_9249ZD,30,2020-08-27
"Choi, Michell",S39147244L,Doxycycline_100mg,ITMN_7836AV,40,2020-08-27
"Phamvan, Melissa",S34843794R,Amlodipine_5mg,ITMN_9928QN,50,2020-08-28
"Altman, Mun",S51009372U,Metformin_850mg,ITMN_4591ZY,30,2020-08-28
"Beck-Alper, Winston",S30642300Y,Doxycycline_100mg,ITMN_7836AV,50,2020-08-28
"Swanson, Jun-Wo",S69656973K,Paracetamol_500mg,ITMN_0539LV,100,2020-08-28
"Pham, Lindsey",S50178304C,Paracetamol_500mg,ITMN_0539LV,100,2020-08-29
"Li, Michelle",S29891589X,Metformin_850mg,ITMN_4591ZY,30,2020-08-29
"Nguyen, Nalani",S10813701J,Amlodipine_5mg,ITMN_9928QN,40,2020-08-29
"Li, Bailey",S24313575H,Metformin_500mg,ITMN_7167LS,30,2020-08-29
"Balagot, Mohammad",S95876072D,Atenolol_50mg,ITMN_9249ZD,200,2020-08-29
"Simmons, Julie",S89300410U,Paracetamol_500mg,ITMN_0539LV,50,2020-08-30
"Kwak, Michio",S33936437U,Metformin_850mg,ITMN_4591ZY,100,2020-08-30
"Pak, David",S89675480W,Amlodipine_5mg,ITMN_9928QN,100,2020-08-30
"Xiong, Jae",S03794694S,Metformin_500mg,ITMN_7167LS,30,2020-08-30
"Van, Omar",S91162819L,Amlodipine_5mg,ITMN_9928QN,100,2020-08-30
"Rubio, Timothy",S83856045D,Atenolol_50mg,ITMN_9249ZD,30,2020-08-30
"Ferreira, Kylie",S98164668L,Paracetamol_500mg,ITMN_0539LV,30,2020-08-30
"Kim, Jason",S02464763N,Atenolol_50mg,ITMN_9249ZD,200,2020-08-30
"Stevens, Brandon",S85414288V,Doxycycline_100mg,ITMN_7836AV,50,2020-08-30
"Shaddrick, Nadir",S57671574Z,Metformin_850mg,ITMN_4591ZY,50,2020-08-30
"Blackmer, Kyle",S06644177M,Amlodipine_5mg,ITMN_9928QN,30,2020-08-30
"Winklmann, Joseph",S09171417U,Amlodipine_5mg,ITMN_9928QN,30,2020-08-30
"Wright, Natasha",S71038808M,Doxycycline_100mg,ITMN_7836AV,200,2020-08-30
"Clarin, Slesha",S23140851W,Atenolol_50mg,ITMN_9249ZD,30,2020-08-31
"Fontillas, Isabel",S31990826M,Amlodipine_5mg,ITMN_9928QN,30,2020-08-31
"Deyoung, Angelina",S55822338L,Metformin_500mg,ITMN_7167LS,100,2020-08-31
"Chen, Ashley",S44556865R,Metformin_500mg,ITMN_7167LS,200,2020-08-31
"Garrels, Nicole",S05829401Y,Atenolol_50mg,ITMN_9249ZD,50,2020-08-31
"Williams, Brett",S56374218K,Amlodipine_5mg,ITMN_9928QN,40,2020-08-31
"Nguyen, Johney",S71538775M,Metformin_500mg,ITMN_7167LS,200,2020-08-31
"Sniff, Amy",S89675480W,Atenolol_50mg,ITMN_9249ZD,100,2020-08-31
"Cali, Nhu",S70181728A,Metformin_850mg,ITMN_4591ZY,30,2020-08-31
"Pallan, Khulan",S14910153O,Metformin_850mg,ITMN_4591ZY,40,2020-08-31
"Ho, Jin Hee",S74577522Q,Amlodipine_5mg,ITMN_9928QN,200,2020-08-31
"Narangerel, Christian",S99317428D,Metformin_850mg,ITMN_4591ZY,50,2020-08-31
"Tumur, Nino Alfonso",S52919720S,Metformin_850mg,ITMN_4591ZY,40,2020-08-31
"Oyama, Hoang",S11530834J,Atenolol_50mg,ITMN_9249ZD,100,2020-09-01
"Hopkins, Michiyo",S69731322U,Paracetamol_500mg,ITMN_0539LV,30,2020-09-01
"Mattamana, David",S64322430W,Atenolol_50mg,ITMN_9249ZD,200,2020-09-01
"Kobayashi, Miromar",S18588303K,Amlodipine_5mg,ITMN_9928QN,30,2020-09-01
"Yamamoto, Tony",S44093436P,Metformin_850mg,ITMN_4591ZY,40,2020-09-01
"Teawdatwan, Alex",S04478170F,Doxycycline_100mg,ITMN_7836AV,50,2020-09-01
"Geraldo, Eun",S31580778H,Amlodipine_5mg,ITMN_9928QN,30,2020-09-01
"Li, Tony",S78489806L,Paracetamol_500mg,ITMN_0539LV,30,2020-09-01
"Chung, Victoria",S58171729L,Metformin_500mg,ITMN_7167LS,30,2020-09-01
"Nguyen, Liah",S51677226T,Doxycycline_100mg,ITMN_7836AV,200,2020-09-02
"Rodrukkwun, Maria",S88940934O,Doxycycline_100mg,ITMN_7836AV,50,2020-09-02
"Mapa, Liny",S59271872E,Metformin_850mg,ITMN_4591ZY,40,2020-09-02
"Nguyen, Bao Vi",S66860884C,Amlodipine_5mg,ITMN_9928QN,100,2020-09-02
"Fischer, Long",S03794694S,Doxycycline_100mg,ITMN_7836AV,100,2020-09-02
"Gary, William",S80457130A,Paracetamol_500mg,ITMN_0539LV,40,2020-09-02
"Bonhoure, Parth",S76039235G,Paracetamol_500mg,ITMN_0539LV,50,2020-09-02
"Shawish, Velma",S91608670O,Doxycycline_100mg,ITMN_7836AV,50,2020-09-02
"Kim, Tuan",S33936437U,Metformin_850mg,ITMN_4591ZY,40,2020-09-02
"Pohl, Matthew",S19663285X,Doxycycline_100mg,ITMN_7836AV,40,2020-09-03
"Miyagi, Ganbayar",S46492479U,Atenolol_50mg,ITMN_9249ZD,30,2020-09-03
"Zhang, Trisha",S94149950H,Atenolol_50mg,ITMN_9249ZD,40,2020-09-03
"Tangri, Amy",S26859057C,Amlodipine_5mg,ITMN_9928QN,40,2020-09-03
"Billingsley, Nicholas",S74474192Q,Paracetamol_500mg,ITMN_0539LV,200,2020-09-03
"Philip, Ka Lok",S88940934O,Paracetamol_500mg,ITMN_0539LV,30,2020-09-03
"Chaudhry, Alex",S86341288Z,Metformin_850mg,ITMN_4591ZY,50,2020-09-04
"Nguyen, Jennifer",S73595428M,Metformin_850mg,ITMN_4591ZY,30,2020-09-04
"Yim, Lynel",S17612501T,Metformin_500mg,ITMN_7167LS,200,2020-09-04
"Murray, Setu",S89222111S,Doxycycline_100mg,ITMN_7836AV,100,2020-09-04
"Lam, Emily",S00183085V,Paracetamol_500mg,ITMN_0539LV,200,2020-09-05
"Lee, Roget",S73643703H,Paracetamol_500mg,ITMN_0539LV,40,2020-09-05
"Rusta, Haifu",S16029108N,Metformin_850mg,ITMN_4591ZY,30,2020-09-05
"Vue, Jeremy",S27469515R,Metformin_500mg,ITMN_7167LS,200,2020-09-05
"Geras, Haley",S90542399Z,Atenolol_50mg,ITMN_9249ZD,50,2020-09-05
"Mafi, Kezia",S71278517C,Metformin_500mg,ITMN_7167LS,200,2020-09-05
"Saito, Dante Alessandr",S78456016C,Metformin_500mg,ITMN_7167LS,50,2020-09-05
"Giang, Ichiko",S37358430K,Doxycycline_100mg,ITMN_7836AV,30,2020-09-06
"Mccoy, Vikash",S99009191H,Atenolol_50mg,ITMN_9249ZD,200,2020-09-06
"Rounds, Ryan",S17011550D,Paracetamol_500mg,ITMN_0539LV,200,2020-09-06
"Ko, Aaron",S37737898E,Paracetamol_500mg,ITMN_0539LV,40,2020-09-06
"Nguyen, Lee",S52470998P,Metformin_500mg,ITMN_7167LS,200,2020-09-06
"Smith, Alex",S36289491P,Atenolol_50mg,ITMN_9249ZD,100,2020-09-06
"Nguyen, Jason",S39147244L,Metformin_500mg,ITMN_7167LS,100,2020-09-06
"Fluetsch, Anthony",S53084134R,Amlodipine_5mg,ITMN_9928QN,50,2020-09-06
"Balan, Alexander",S02464763N,Amlodipine_5mg,ITMN_9928QN,30,2020-09-06
"Lee, Kelsey",S47949599N,Metformin_850mg,ITMN_4591ZY,100,2020-09-06
"Yu, Michelle",S72977539N,Paracetamol_500mg,ITMN_0539LV,100,2020-09-06
"Agsam, Hmohngchee",S00459408K,Atenolol_50mg,ITMN_9249ZD,40,2020-09-06
"Xiong, Lebon",S24666723M,Metformin_850mg,ITMN_4591ZY,200,2020-09-06
"Vue, Tina",S52919720S,Paracetamol_500mg,ITMN_0539LV,200,2020-09-06
"Do, Patrick",S40655648K,Doxycycline_100mg,ITMN_7836AV,40,2020-09-06
"Baker, Weslee",S19083495Q,Amlodipine_5mg,ITMN_9928QN,30,2020-09-06
"Cleveland, Leah",S96164878Q,Doxycycline_100mg,ITMN_7836AV,100,2020-09-06
"Johnston, Joshua",S49629396E,Amlodipine_5mg,ITMN_9928QN,40,2020-09-06
"Bhattarai, Tony",S39943069V,Amlodipine_5mg,ITMN_9928QN,200,2020-09-07
"Lor, Kiana",S01969382M,Metformin_500mg,ITMN_7167LS,100,2020-09-07
"Chang, Sanjay",S94811206A,Atenolol_50mg,ITMN_9249ZD,200,2020-09-07
"Khan, Nicolas",S39797260I,Metformin_500mg,ITMN_7167LS,100,2020-09-07
"Hemphill, Justin",S90852147Y,Metformin_500mg,ITMN_7167LS,50,2020-09-07
"Reynolds, Joshua",S78611628I,Paracetamol_500mg,ITMN_0539LV,30,2020-09-07
"Lee, Zolboo",S75892170Z,Metformin_850mg,ITMN_4591ZY,200,2020-09-08
"Naranchuluun, Jeffrey",S40210919J,Amlodipine_5mg,ITMN_9928QN,50,2020-09-08
"Atkinson, Mike",S91876853X,Doxycycline_100mg,ITMN_7836AV,50,2020-09-08
"Engelhart, Tony",S00791429O,Amlodipine_5mg,ITMN_9928QN,30,2020-09-08
"Odollil, Ze-Ching",S31934236T,Atenolol_50mg,ITMN_9249ZD,30,2020-09-08
"Pham, Isaac",S69731322U,Atenolol_50mg,ITMN_9249ZD,200,2020-09-08
"Endo, Kaylee",S11559271G,Metformin_850mg,ITMN_4591ZY,40,2020-09-08
"Nguyen, Kyle",S86269425T,Metformin_500mg,ITMN_7167LS,30,2020-09-08
"Bhagria, Salamasina",S18691285D,Doxycycline_100mg,ITMN_7836AV,100,2020-09-08
"Thao, Hadia",S88397839D,Atenolol_50mg,ITMN_9249ZD,30,2020-09-08
"Serrano, Samantha",S29565775H,Metformin_500mg,ITMN_7167LS,200,2020-09-08
"Mcelwreath, Hayley",S16347036R,Amlodipine_5mg,ITMN_9928QN,50,2020-09-08
"Kresge, William",S99290582P,Atenolol_50mg,ITMN_9249ZD,200,2020-09-08
"Hoang, Frank",S86341288Z,Metformin_500mg,ITMN_7167LS,30,2020-09-08
"Oakley, Julia",S99137171Q,Amlodipine_5mg,ITMN_9928QN,200,2020-09-09
"Robinson, Julia",S75520340N,Metformin_500mg,ITMN_7167LS,50,2020-09-09
"Chotinun, Karthik",S91916382H,Amlodipine_5mg,ITMN_9928QN,50,2020-09-09
"Krumland, Samantha",S23140851W,Amlodipine_5mg,ITMN_9928QN,40,2020-09-09
"Stone, Frederick",S29768126I,Amlodipine_5mg,ITMN_9928QN,50,2020-09-09
"Parmar, Joann",S24313575H,Metformin_850mg,ITMN_4591ZY,40,2020-09-09
"Chung, Alison",S10813701J,Doxycycline_100mg,ITMN_7836AV,50,2020-09-09
"Nguyen, Ethan",S27211957K,Metformin_500mg,ITMN_7167LS,30,2020-09-09
"Kantha, Stephanie",S21980587C,Metformin_500mg,ITMN_7167LS,50,2020-09-09
"Lao, Yichen",S05829401Y,Metformin_500mg,ITMN_7167LS,30,2020-09-10
"Noa, Gabriel",S50557472X,Doxycycline_100mg,ITMN_7836AV,200,2020-09-10
"Tran, Angela",S55076157K,Doxycycline_100mg,ITMN_7836AV,200,2020-09-10
"Punay, Christian",S62655933I,Paracetamol_500mg,ITMN_0539LV,30,2020-09-10
"Hanson, Noland",S29291858Q,Paracetamol_500mg,ITMN_0539LV,200,2020-09-10
"Paaga, Franco",S59996104A,Metformin_850mg,ITMN_4591ZY,200,2020-09-10
"Ramsey-White, Matthew",S94593998R,Metformin_500mg,ITMN_7167LS,200,2020-09-10
"Rupp, Alex",S29549270G,Metformin_850mg,ITMN_4591ZY,40,2020-09-10
"Tran, Justin",S83118852R,Paracetamol_500mg,ITMN_0539LV,50,2020-09-11
"Chung, Bao",S88938334D,Metformin_850mg,ITMN_4591ZY,40,2020-09-11
"Shrestha, Thinh",S20239946X,Atenolol_50mg,ITMN_9249ZD,50,2020-09-11
"Knight, Amanda",S97818589T,Paracetamol_500mg,ITMN_0539LV,200,2020-09-11
"Huynh, Kapiolani",S69971194J,Metformin_500mg,ITMN_7167LS,100,2020-09-11
"Nicolopoulos, Marc",S45326309V,Metformin_850mg,ITMN_4591ZY,30,2020-09-11
"Nguyen, Alexander",S16029108N,Metformin_850mg,ITMN_4591ZY,40,2020-09-11
"Hart, Andre",S96043942S,Amlodipine_5mg,ITMN_9928QN,100,2020-09-11
"Cheema, Patrick",S84990073J,Metformin_850mg,ITMN_4591ZY,100,2020-09-11
"Lua, Aaron",S14129505X,Metformin_850mg,ITMN_4591ZY,50,2020-09-11
"Wickham, Alexis",S03875118D,Atenolol_50mg,ITMN_9249ZD,100,2020-09-12
"Truong, Aimee",S82008539Y,Paracetamol_500mg,ITMN_0539LV,50,2020-09-12
"Shen, Oscar",S52750206E,Atenolol_50mg,ITMN_9249ZD,200,2020-09-12
"Mulholland, Joseph",S87711784I,Metformin_850mg,ITMN_4591ZY,40,2020-09-12
"Brower, Nickolas",S65191643K,Metformin_850mg,ITMN_4591ZY,200,2020-09-12
"Ung, Chinguun",S60373093W,Metformin_850mg,ITMN_4591ZY,100,2020-09-12
"Simmons, Naomi",S41876297P,Doxycycline_100mg,ITMN_7836AV,40,2020-09-12
"Srinivasan, Eunice",S01807172S,Atenolol_50mg,ITMN_9249ZD,200,2020-09-12
"Sua, Matthew",S37960862I,Atenolol_50mg,ITMN_9249ZD,100,2020-09-12
"Wakasugi, Peter",S55525710P,Doxycycline_100mg,ITMN_7836AV,40,2020-09-12
"Kim, Matthew",S55822338L,Doxycycline_100mg,ITMN_7836AV,50,2020-09-13
"Alpert, Michael",S76623434Z,Amlodipine_5mg,ITMN_9928QN,40,2020-09-13
"Mousakhani, Alexander",S87681321O,Metformin_500mg,ITMN_7167LS,30,2020-09-13
"Ali, Ryan",S04620287N,Metformin_500mg,ITMN_7167LS,100,2020-09-13
"Ongoy, Angelica",S67296057A,Doxycycline_100mg,ITMN_7836AV,30,2020-09-13
"Wang, Ava",S00304967J,Doxycycline_100mg,ITMN_7836AV,100,2020-09-13
"Prince, Joachim",S15615568N,Paracetamol_500mg,ITMN_0539LV,40,2020-09-13
"Li, Steven",S81587284I,Metformin_500mg,ITMN_7167LS,30,2020-09-13
"Cho, Brian",S71713429P,Atenolol_50mg,ITMN_9249ZD,100,2020-09-13
"Cosentino, Allen",S41266535Z,Paracetamol_500mg,ITMN_0539LV,50,2020-09-13
"Trinh, Yuvorn",S38040009Q,Amlodipine_5mg,ITMN_9928QN,200,2020-09-13
"Dong, Amy",S29056778V,Doxycycline_100mg,ITMN_7836AV,30,2020-09-14
"Pham, Ethan",S06736017L,Atenolol_50mg,ITMN_9249ZD,100,2020-09-14
"Connor, Christopher",S31221804I,Metformin_500mg,ITMN_7167LS,100,2020-09-14
"Manley, Marc",S45633215U,Atenolol_50mg,ITMN_9249ZD,30,2020-09-15
"Xiong, Emily",S47683979J,Metformin_850mg,ITMN_4591ZY,50,2020-09-15
"Zhang, Michael",S72464930F,Doxycycline_100mg,ITMN_7836AV,100,2020-09-15
"Kwan, Keiko",S95876072D,Doxycycline_100mg,ITMN_7836AV,40,2020-09-15
"Kim, Tiffany",S89969715I,Metformin_850mg,ITMN_4591ZY,30,2020-09-15
"Lam, Hallie",S73732222G,Metformin_850mg,ITMN_4591ZY,100,2020-09-15
"Johnson, Cheng Xu",S78456016C,Amlodipine_5mg,ITMN_9928QN,200,2020-09-15
"Liu, Yeen",S38623599H,Paracetamol_500mg,ITMN_0539LV,40,2020-09-15
"Murad, Jordan",S25716183O,Metformin_850mg,ITMN_4591ZY,30,2020-09-15
"Seyfi, Skip",S51186868Y,Amlodipine_5mg,ITMN_9928QN,100,2020-09-15
"Thapa, Nikka",S35141045M,Metformin_500mg,ITMN_7167LS,30,2020-09-16
"Pham, Ann",S54103194G,Doxycycline_100mg,ITMN_7836AV,100,2020-09-16
"Zorigt, Chen",S76567616Y,Amlodipine_5mg,ITMN_9928QN,50,2020-09-16
"Aslami, Beatriz",S38772478L,Amlodipine_5mg,ITMN_9928QN,30,2020-09-16
"Staffieri, Khatlyn",S27110358A,Paracetamol_500mg,ITMN_0539LV,40,2020-09-16
"Li, My",S84564778R,Atenolol_50mg,ITMN_9249ZD,200,2020-09-17
"Sy, Lila",S46617761R,Paracetamol_500mg,ITMN_0539LV,200,2020-09-17
"Kunam, Abhinav",S22563657Q,Amlodipine_5mg,ITMN_9928QN,200,2020-09-17
"Castro Manibusan, Gary",S22874119G,Atenolol_50mg,ITMN_9249ZD,30,2020-09-17
"Lund, Brandon",S82856723J,Paracetamol_500mg,ITMN_0539LV,100,2020-09-17
"Yoon, Aileen",S33611049L,Doxycycline_100mg,ITMN_7836AV,100,2020-09-18
"Hendricks, Warithnant",S52470998P,Doxycycline_100mg,ITMN_7836AV,200,2020-09-18
"Chea, Kirsten",S49106032U,Atenolol_50mg,ITMN_9249ZD,200,2020-09-18
"Nguyen, Timothy",S16132801Y,Doxycycline_100mg,ITMN_7836AV,200,2020-09-18
"Ta, Regina",S75646607O,Amlodipine_5mg,ITMN_9928QN,40,2020-09-18
"Cleveland, Isaiah",S37358430K,Amlodipine_5mg,ITMN_9928QN,40,2020-09-18
"Sivixai, Jake",S17489296A,Paracetamol_500mg,ITMN_0539LV,100,2020-09-19
"Zhang, Eric",S70009149A,Doxycycline_100mg,ITMN_7836AV,30,2020-09-19
"Vijayasarathy, Jessica",S86488495T,Metformin_500mg,ITMN_7167LS,40,2020-09-19
"Liu, Alvin",S89412158X,Metformin_850mg,ITMN_4591ZY,50,2020-09-19
"Tan, Pierce",S25928315E,Metformin_850mg,ITMN_4591ZY,30,2020-09-19
"Wedemeyer, Alexander",S00104949I,Metformin_500mg,ITMN_7167LS,200,2020-09-19
"Verdos, Lauren",S55594214Q,Metformin_500mg,ITMN_7167LS,30,2020-09-19
"Tran, Marcus",S09091672C,Paracetamol_500mg,ITMN_0539LV,100,2020-09-19
"Sher, Maiya",S25257447Z,Amlodipine_5mg,ITMN_9928QN,30,2020-09-19
"Ghosh, Grace",S63455412Y,Doxycycline_100mg,ITMN_7836AV,30,2020-09-19
"Scheie, Anmol",S37737898E,Paracetamol_500mg,ITMN_0539LV,100,2020-09-19
"Mattern, Cassidy",S87551189U,Amlodipine_5mg,ITMN_9928QN,50,2020-09-20
"Talain, Sam",S66919908T,Metformin_500mg,ITMN_7167LS,50,2020-09-20
"Muetz, Daniel",S44556865R,Amlodipine_5mg,ITMN_9928QN,50,2020-09-20
"Lee, Katie",S59594740D,Metformin_500mg,ITMN_7167LS,30,2020-09-20
"Van, Jing",S90542399Z,Metformin_850mg,ITMN_4591ZY,100,2020-09-20
"Sandhu, Shirly",S64026706K,Paracetamol_500mg,ITMN_0539LV,50,2020-09-21
"Pham, Haley",S26136147I,Paracetamol_500mg,ITMN_0539LV,40,2020-09-21
"Hiep, Kaigo",S71278517C,Amlodipine_5mg,ITMN_9928QN,30,2020-09-21
"Luu, Jeffrey",S01081087N,Atenolol_50mg,ITMN_9249ZD,200,2020-09-21
"Nguyen, Karissa",S49905979H,Metformin_500mg,ITMN_7167LS,100,2020-09-21
"Gries, Sushmita",S45840459B,Metformin_500mg,ITMN_7167LS,100,2020-09-21
"Olson, Chris",S11103651I,Doxycycline_100mg,ITMN_7836AV,30,2020-09-21
"Pham, Jacqueline",S29891589X,Doxycycline_100mg,ITMN_7836AV,50,2020-09-21
"Chan, Kathryn",S18653685B,Atenolol_50mg,ITMN_9249ZD,50,2020-09-21
"Perez, Tam Minh",S86220946A,Doxycycline_100mg,ITMN_7836AV,30,2020-09-21
"Cha, Aman",S11045137M,Amlodipine_5mg,ITMN_9928QN,100,2020-09-22
"Colborg, Luna",S44178139S,Atenolol_50mg,ITMN_9249ZD,50,2020-09-22
"Long, Ace",S65244170T,Atenolol_50mg,ITMN_9249ZD,30,2020-09-22
"Bernardus, Lang",S34843794R,Doxycycline_100mg,ITMN_7836AV,30,2020-09-22
"Phan, Yosua",S50816666Y,Metformin_850mg,ITMN_4591ZY,200,2020-09-22
"George, Glen",S27126864X,Metformin_500mg,ITMN_7167LS,50,2020-09-22
"Gurung, Sarah",S91796740A,Metformin_500mg,ITMN_7167LS,100,2020-09-22
"Santistevan, Lance",S06644177M,Atenolol_50mg,ITMN_9249ZD,30,2020-09-22
"Williams, Caitlyn",S51009372U,Metformin_500mg,ITMN_7167LS,100,2020-09-22
"Hilleary, Batoul",S32681432I,Paracetamol_500mg,ITMN_0539LV,100,2020-09-22
"Kemme, Jacob",S90770235A,Atenolol_50mg,ITMN_9249ZD,100,2020-09-22
"Liu, Jonathan",S80457130A,Metformin_850mg,ITMN_4591ZY,100,2020-09-22
"Nguyen, Andrew",S66419067I,Paracetamol_500mg,ITMN_0539LV,200,2020-09-22
"Pham, Faline",S80638288X,Metformin_850mg,ITMN_4591ZY,40,2020-09-23
"Wang, Brigitte",S22846954M,Metformin_500mg,ITMN_7167LS,100,2020-09-23
"Soh, Ian",S78122084S,Amlodipine_5mg,ITMN_9928QN,30,2020-09-23
"Bachu, Fermin Joshua",S80245788R,Paracetamol_500mg,ITMN_0539LV,200,2020-09-23
"Verwiebe, Andy",S54956909Y,Metformin_850mg,ITMN_4591ZY,100,2020-09-23
"Kha, Geya",S56374218K,Amlodipine_5mg,ITMN_9928QN,40,2020-09-23
"Kimbrel, Maangelica",S67146176P,Metformin_500mg,ITMN_7167LS,40,2020-09-24
"Stellick Mckenzie, Michael",S66290239P,Doxycycline_100mg,ITMN_7836AV,200,2020-09-24
"Yang, Micaella Lauryn",S96306544T,Metformin_500mg,ITMN_7167LS,30,2020-09-24
"Khu, Kou Pheng",S53829644H,Paracetamol_500mg,ITMN_0539LV,30,2020-09-24
"Cho, Joven",S24576443G,Doxycycline_100mg,ITMN_7836AV,30,2020-09-24
"Oldham, Mimi",S96042695D,Metformin_500mg,ITMN_7167LS,40,2020-09-24
"Sato, Jenna",S99036855N,Amlodipine_5mg,ITMN_9928QN,100,2020-09-24
"Vang, Jessica",S49332498T,Atenolol_50mg,ITMN_9249ZD,40,2020-09-25
"Repollo, Nathaniel",S35414378O,Metformin_500mg,ITMN_7167LS,50,2020-09-25
"Oldham, Jasmine",S39506861Z,Amlodipine_5mg,ITMN_9928QN,30,2020-09-25
"Seo, Kirkpatrick",S59116997Z,Amlodipine_5mg,ITMN_9928QN,30,2020-09-25
"Sale, Julietta",S05617829M,Metformin_500mg,ITMN_7167LS,50,2020-09-25
"Huynh, Leeah",S40917516F,Metformin_500mg,ITMN_7167LS,30,2020-09-25
"Ly, Margaret",S48287590H,Metformin_850mg,ITMN_4591ZY,100,2020-09-25
"Davaabat, Benjamin",S45421465S,Metformin_500mg,ITMN_7167LS,200,2020-09-25
"Wiedmaier, Benjamin",S43343657K,Amlodipine_5mg,ITMN_9928QN,40,2020-09-25
"Kishi, Chrystina",S12664625Z,Paracetamol_500mg,ITMN_0539LV,100,2020-09-26
"Tran, Nhi",S17686330S,Paracetamol_500mg,ITMN_0539LV,100,2020-09-26
"Nelson, Siavash",S31293270E,Metformin_500mg,ITMN_7167LS,30,2020-09-26
"Liu, Ana Seini",S93353634W,Paracetamol_500mg,ITMN_0539LV,100,2020-09-26
"Hanson, Luyen",S97787633W,Doxycycline_100mg,ITMN_7836AV,100,2020-09-26
"Khat, Vivian",S86899032N,Metformin_850mg,ITMN_4591ZY,50,2020-09-27
"Nguyen, Edward",S07494775K,Doxycycline_100mg,ITMN_7836AV,50,2020-09-27
"Hinh, Paul",S71642181O,Metformin_500mg,ITMN_7167LS,40,2020-09-27
"Hiraoka, Joel",S54115853Y,Atenolol_50mg,ITMN_9249ZD,50,2020-09-27
"Rhodes, Matthew",S45484877V,Paracetamol_500mg,ITMN_0539LV,30,2020-09-27
"Lim, Isabel",S47306063P,Atenolol_50mg,ITMN_9249ZD,30,2020-09-27
"Yoo, Alex",S40480225A,Atenolol_50mg,ITMN_9249ZD,30,2020-09-27
"Kim, Myhue",S71199074A,Metformin_500mg,ITMN_7167LS,30,2020-09-27
"Lai, Jason",S31757864X,Doxycycline_100mg,ITMN_7836AV,100,2020-09-27
"Tang, Tsengel",S70911475Y,Doxycycline_100mg,ITMN_7836AV,30,2020-09-27
"Leung, Alan",S21880017Y,Paracetamol_500mg,ITMN_0539LV,200,2020-09-27
"Lu, Hsi Hsi",S74577522Q,Atenolol_50mg,ITMN_9249ZD,200,2020-09-27
"Kim, Sunny",S01698814S,Doxycycline_100mg,ITMN_7836AV,40,2020-09-27
"Serrano, Khoa",S04478170F,Amlodipine_5mg,ITMN_9928QN,40,2020-09-28
"Mcpherson, Jeffrey",S11744960T,Metformin_500mg,ITMN_7167LS,200,2020-09-28
"Knight, Timothy",S54841697A,Atenolol_50mg,ITMN_9249ZD,40,2020-09-28
"Barili, My",S41607072X,Doxycycline_100mg,ITMN_7836AV,30,2020-09-28
"Gibson, Samantha",S00169542X,Metformin_850mg,ITMN_4591ZY,50,2020-09-28
"Almazbek, Elizabeth",S20633239S,Doxycycline_100mg,ITMN_7836AV,40,2020-09-28
"Hom, Taylor",S63980514Q,Amlodipine_5mg,ITMN_9928QN,50,2020-09-28
"Hsin, Karthik",S78504976V,Paracetamol_500mg,ITMN_0539LV,50,2020-09-28
"Reyes, Samuel",S15653013S,Paracetamol_500mg,ITMN_0539LV,100,2020-09-29
"Singer, Lilly",S39814914C,Doxycycline_100mg,ITMN_7836AV,40,2020-09-29
"Gabbert, Ruth",S32189134K,Doxycycline_100mg,ITMN_7836AV,200,2020-09-29
"Tran, Carrena",S19520543O,Doxycycline_100mg,ITMN_7836AV,50,2020-09-29
"Park, Lucy",S49802641X,Atenolol_50mg,ITMN_9249ZD,100,2020-09-29
"Villa, Arbaz",S92061717N,Doxycycline_100mg,ITMN_7836AV,100,2020-09-29
"Murrish, Carl",S03293499S,Atenolol_50mg,ITMN_9249ZD,200,2020-09-29
"Zhang, Alison",S72756562G,Doxycycline_100mg,ITMN_7836AV,200,2020-09-29
"Tran, Kenji",S73643703H,Amlodipine_5mg,ITMN_9928QN,200,2020-09-30
"Hasui, Kuan Heng",S37085764V,Metformin_500mg,ITMN_7167LS,100,2020-09-30
"Olson, Hop",S91162819L,Metformin_500mg,ITMN_7167LS,200,2020-09-30
"Gustafson, Matthew",S87877917Y,Paracetamol_500mg,ITMN_0539LV,30,2020-09-30
"Huynh, Legend",S72977539N,Doxycycline_100mg,ITMN_7836AV,30,2020-09-30
"Matsuyama, Chi",S23158761W,Doxycycline_100mg,ITMN_7836AV,40,2020-09-30
"Tong, Stephanie",S45827377A,Atenolol_50mg,ITMN_9249ZD,200,2020-10-01
"Nguyen, Daniel",S98525452O,Amlodipine_5mg,ITMN_9928QN,40,2020-10-01
"Shin, Racquel",S44071795E,Atenolol_50mg,ITMN_9249ZD,100,2020-10-01
"Foster, Christorpher",S70285474L,Doxycycline_100mg,ITMN_7836AV,100,2020-10-01
"Batsaihan, John",S34239726C,Amlodipine_5mg,ITMN_9928QN,100,2020-10-01
"Gurung, Vincent",S92485015V,Amlodipine_5mg,ITMN_9928QN,30,2020-10-01
"Daugherty, Jessica",S43057849I,Paracetamol_500mg,ITMN_0539LV,40,2020-10-01
"Klutke, Linda",S49315387O,Amlodipine_5mg,ITMN_9928QN,40,2020-10-01
"Kavanagh, Damon",S05275768C,Metformin_850mg,ITMN_4591ZY,100,2020-10-01
"Thao, Charles",S09141060C,Atenolol_50mg,ITMN_9249ZD,100,2020-10-01
"Vongvichith, Vu",S33727069U,Atenolol_50mg,ITMN_9249ZD,200,2020-10-01
"Lee, Ailin",S43542104Y,Amlodipine_5mg,ITMN_9928QN,200,2020-10-02
"Bhagria, Tian",S70181728A,Metformin_500mg,ITMN_7167LS,50,2020-10-02
"Yamane, Joseph",S87318740E,Metformin_500mg,ITMN_7167LS,100,2020-10-02
"Burgos, Sam",S67893123D,Amlodipine_5mg,ITMN_9928QN,40,2020-10-03
"Burd, Michael",S15995309A,Paracetamol_500mg,ITMN_0539LV,200,2020-10-03
"Jain, Asli",S21566962V,Amlodipine_5mg,ITMN_9928QN,100,2020-10-03
"Asif, Marianne",S65520871I,Metformin_850mg,ITMN_4591ZY,30,2020-10-03
"Trang, Laura",S65557707W,Atenolol_50mg,ITMN_9249ZD,100,2020-10-03
"Yang, Kevin",S78896317M,Doxycycline_100mg,ITMN_7836AV,50,2020-10-04
"Hoang, Edward",S26859057C,Amlodipine_5mg,ITMN_9928QN,50,2020-10-04
"Lutter, Erin",S92663188U,Metformin_850mg,ITMN_4591ZY,50,2020-10-04
"Brown, Tylon",S95329707T,Atenolol_50mg,ITMN_9249ZD,30,2020-10-04
"Brooks, Ronald",S64322430W,Amlodipine_5mg,ITMN_9928QN,30,2020-10-04
"Aquino, Allysia",S31828324N,Atenolol_50mg,ITMN_9249ZD,100,2020-10-04
"Staynings, Tyler",S90236579P,Amlodipine_5mg,ITMN_9928QN,40,2020-10-04
"Douglas, Mateaki",S77428362U,Paracetamol_500mg,ITMN_0539LV,50,2020-10-04
"Lhamo, Reeves",S03783748T,Metformin_850mg,ITMN_4591ZY,50,2020-10-05
"Sheveland, Rayahna",S45841219I,Atenolol_50mg,ITMN_9249ZD,100,2020-10-05
"Vang, Samuel",S58588863E,Atenolol_50mg,ITMN_9249ZD,200,2020-10-05
"Qureshi, Byron",S83422024O,Paracetamol_500mg,ITMN_0539LV,100,2020-10-05
"Johnston, Kiana",S79376473L,Paracetamol_500mg,ITMN_0539LV,50,2020-10-05
"Alferez, Anna",S13026309Y,Amlodipine_5mg,ITMN_9928QN,50,2020-10-05
"Yang, Kylejon",S54353458O,Metformin_850mg,ITMN_4591ZY,100,2020-10-06
"Neuroth, Fermin Joshua",S79439882O,Metformin_850mg,ITMN_4591ZY,100,2020-10-06
"Morikawa, Leila",S09151216C,Amlodipine_5mg,ITMN_9928QN,30,2020-10-06
"Tamai, Annie",S57038406U,Paracetamol_500mg,ITMN_0539LV,50,2020-10-06
"Altman, Lance",S04961236X,Metformin_500mg,ITMN_7167LS,40,2020-10-06
"Nguyen, Sierra",S86363250G,Paracetamol_500mg,ITMN_0539LV,100,2020-10-06
"Wolfert, Adrian Allan",S23697351J,Doxycycline_100mg,ITMN_7836AV,50,2020-10-06
"Wedemeyer, Destinee",S06222631D,Metformin_850mg,ITMN_4591ZY,30,2020-10-06
"Kim, Nicole",S96009825X,Metformin_500mg,ITMN_7167LS,50,2020-10-06
"Tran, Son",S90739551Q,Amlodipine_5mg,ITMN_9928QN,200,2020-10-06
"Murad, Ashley",S20647018E,Amlodipine_5mg,ITMN_9928QN,100,2020-10-06
"Ding, Thien",S45096760T,Atenolol_50mg,ITMN_9249ZD,50,2020-10-07
"Chareunsouk, Saman",S53084134R,Paracetamol_500mg,ITMN_0539LV,50,2020-10-07
"Kovacs, Zakhaddin",S37748125X,Amlodipine_5mg,ITMN_9928QN,200,2020-10-07
"Lian, Noah",S01930595S,Metformin_850mg,ITMN_4591ZY,100,2020-10-07
"Matsushima, Andy",S52362449J,Metformin_500mg,ITMN_7167LS,30,2020-10-08
"La, Michelle",S96753752F,Metformin_500mg,ITMN_7167LS,100,2020-10-08
"Lui, Tim",S71328188A,Metformin_850mg,ITMN_4591ZY,200,2020-10-08
"Hendee, Jemletta",S65916175G,Atenolol_50mg,ITMN_9249ZD,30,2020-10-08
"Lor, Jacob",S65414231W,Paracetamol_500mg,ITMN_0539LV,50,2020-10-08
"Hogle, Atit",S38604016E,Metformin_850mg,ITMN_4591ZY,100,2020-10-08
"Aulakh, Vansh",S10165640O,Metformin_850mg,ITMN_4591ZY,200,2020-10-08
"Slevin Dotson, Juliet",S02423515W,Metformin_500mg,ITMN_7167LS,30,2020-10-08
"Von Handorf, Joshua",S44146756X,Metformin_500mg,ITMN_7167LS,100,2020-10-08
"Ginsberg, Jevan",S33188106X,Metformin_850mg,ITMN_4591ZY,40,2020-10-08
"Ta, Dylan",S21878024I,Metformin_850mg,ITMN_4591ZY,100,2020-10-08
"Nguyen, Layth",S56970833Q,Metformin_500mg,ITMN_7167LS,100,2020-10-08
"Lo, Aziel",S25951361W,Doxycycline_100mg,ITMN_7836AV,200,2020-10-08
"Hwang, Justine",S85414288V,Atenolol_50mg,ITMN_9249ZD,30,2020-10-08
"Dacuma, Enkhjin",S15045521S,Metformin_500mg,ITMN_7167LS,30,2020-10-08
"Canfield, Tian",S47949599N,Paracetamol_500mg,ITMN_0539LV,50,2020-10-09
"Yu, Hannah",S40676198C,Atenolol_50mg,ITMN_9249ZD,100,2020-10-09
"Pitsuwan, Keosomalee",S53377191X,Atenolol_50mg,ITMN_9249ZD,50,2020-10-09
"Hutton, Landon",S94572166I,Metformin_850mg,ITMN_4591ZY,50,2020-10-09
"Wilmot, Kalara",S81672949H,Amlodipine_5mg,ITMN_9928QN,50,2020-10-09
"Nguyen, Jesse",S16039472D,Metformin_500mg,ITMN_7167LS,40,2020-10-09
"Barbour, Akshat",S43234006V,Atenolol_50mg,ITMN_9249ZD,30,2020-10-09
"Johnson, Coral",S55494155Q,Atenolol_50mg,ITMN_9249ZD,30,2020-10-09
"Morrison Pibel, Shem",S01790001S,Amlodipine_5mg,ITMN_9928QN,100,2020-10-09
"Lee, Jaspreet",S02907048F,Doxycycline_100mg,ITMN_7836AV,100,2020-10-09
"Park, Victoria",S54538956A,Metformin_500mg,ITMN_7167LS,100,2020-10-10
"Anderson, Llewelgene",S51453702E,Doxycycline_100mg,ITMN_7836AV,100,2020-10-10
"Li, Da Ham",S69038237A,Metformin_500mg,ITMN_7167LS,40,2020-10-10
"Yachai, Marc",S52577150N,Metformin_500mg,ITMN_7167LS,50,2020-10-10
"Lummis, Conan",S04033952J,Doxycycline_100mg,ITMN_7836AV,100,2020-10-10
"Sanandres, Morgynne",S20010228T,Doxycycline_100mg,ITMN_7836AV,40,2020-10-10
"Elpuz, Hannah",S32677411M,Paracetamol_500mg,ITMN_0539LV,40,2020-10-10
"Kishi, Rebecca",S48811077F,Amlodipine_5mg,ITMN_9928QN,50,2020-10-10
"Perry, Jeannie",S52403770C,Paracetamol_500mg,ITMN_0539LV,50,2020-10-10
"Nakata, Dominic",S23489290I,Amlodipine_5mg,ITMN_9928QN,50,2020-10-10
"Huynh, Kathryn",S59699415H,Metformin_850mg,ITMN_4591ZY,100,2020-10-11
"Hwang, Eanice",S58830636J,Metformin_850mg,ITMN_4591ZY,100,2020-10-11
"Stevens, Thanh",S98874103M,Metformin_500mg,ITMN_7167LS,50,2020-10-11
"Ho, Hannah",S97385790Q,Atenolol_50mg,ITMN_9249ZD,200,2020-10-11
"Penvari, Daniel",S55113618Y,Amlodipine_5mg,ITMN_9928QN,50,2020-10-11
"Burford, Thomas",S54492042W,Metformin_850mg,ITMN_4591ZY,100,2020-10-11
"Sandhu, Stephanie",S75299823A,Doxycycline_100mg,ITMN_7836AV,200,2020-10-11
"Lee, Tony",S24636412E,Atenolol_50mg,ITMN_9249ZD,100,2020-10-12
"Le, Kyle",S25203318W,Metformin_500mg,ITMN_7167LS,40,2020-10-12
"Lin, Que",S78211431N,Amlodipine_5mg,ITMN_9928QN,100,2020-10-12
"Kendall, David",S50677505N,Metformin_500mg,ITMN_7167LS,100,2020-10-12
"Bochmann, Tony",S34517710B,Metformin_850mg,ITMN_4591ZY,40,2020-10-12
